timestamp,elapsed_s,drone_id,latitude,longitude,altitude_m,x_m,y_m,z_m,velocity_m_s,battery_percent,mode,status,armed,peer_positions_sent,recent_lora_packets,rssi_to_drone1_dbm,rssi_to_drone2_dbm,rssi_to_drone3_dbm,snr_to_drone1_db,snr_to_drone2_db,snr_to_drone3_db,link_status_to_drone1,link_status_to_drone2,link_status_to_drone3
1788859495.068,0.1,1,47.39797130,8.54596520,7.961,0.060,0.011,7.961,0.039,78.0,LOITER,active,1,1,0,,,,,,,,,
1788859495.068,0.1,2,47.39797090,8.54616370,12.229,0.028,-0.012,12.154,0.407,78.0,TAKEOFF,active,1,1,0,,,,,,,,,
1788859495.068,0.1,3,47.39797090,8.54636210,15.091,0.020,-0.034,15.091,1.425,79.0,TAKEOFF,active,1,1,0,,,,,,,,,
1788859496.055,1.1,1,47.39797120,8.54596530,7.972,0.051,0.017,7.972,0.059,76.0,LOITER,active,1,1,6,,-39.702,-46.655,,80.298,73.345,,received,received
1788859496.055,1.1,2,47.39797080,8.54616380,12.410,0.017,-0.005,12.331,0.341,76.0,LOITER,active,1,1,6,-39.702,,-39.478,80.298,,80.522,received,,received
1788859496.055,1.1,3,47.39797110,8.54636200,15.690,0.040,-0.046,15.690,1.117,77.0,TAKEOFF,active,1,1,6,-46.655,-39.478,,73.345,80.522,,received,received,
1788859497.098,2.1,1,47.39797260,8.54596240,8.014,0.188,-0.173,8.014,1.039,76.0,LOITER,active,1,1,14,,-39.755,-46.710,,80.245,73.290,,received,received
1788859497.098,2.1,2,47.39796880,8.54616400,12.562,-0.128,0.007,12.562,0.782,76.0,LOITER,active,1,1,14,-39.755,,-39.527,80.245,,80.473,received,,received
1788859497.098,2.1,3,47.39797220,8.54636360,16.054,0.168,0.075,16.054,1.144,77.0,TAKEOFF,active,1,1,14,-46.710,-39.527,,73.290,80.473,,received,dropped,
1788859498.137,3.1,1,47.39797590,8.54595280,8.033,0.543,-0.858,8.033,2.426,74.0,LOITER,active,1,1,20,,-40.029,-46.962,,79.971,73.038,,received,received
1788859498.137,3.1,2,47.39796240,8.54616410,12.655,-0.960,0.016,12.576,2.306,75.0,LOITER,active,1,1,20,-40.029,,-39.778,79.971,,80.222,received,,received
1788859498.137,3.1,3,47.39797610,8.54637030,16.267,0.730,0.757,16.250,2.453,75.0,LOITER,active,1,1,20,-46.962,-39.778,,73.038,80.222,,received,received,
1788859499.180,4.2,1,47.39798050,8.54593580,8.028,1.221,-2.507,7.961,4.083,74.0,LOITER,active,1,1,26,,-40.772,-47.569,,79.228,72.431,,received,received
1788859499.180,4.2,2,47.39795120,8.54616450,12.699,-2.226,0.046,12.619,3.526,75.0,LOITER,active,1,1,26,-40.772,,-40.422,79.228,,79.578,received,,received
1788859499.180,4.2,3,47.39798450,8.54638820,16.395,1.504,1.873,16.395,3.860,75.0,LOITER,active,1,1,26,-47.569,-40.422,,72.431,79.578,,received,received,
1788859500.214,5.2,1,47.39798950,8.54590770,8.032,2.050,-4.237,8.032,5.221,73.0,LOITER,active,1,1,34,,-41.906,-48.474,,78.094,71.526,,dropped,received
1788859500.214,5.2,2,47.39793160,8.54616410,12.733,-4.386,0.018,12.653,4.851,73.0,LOITER,active,1,1,34,-41.906,,-41.574,78.094,,78.426,received,,received
1788859500.214,5.2,3,47.39799490,8.54641590,16.543,2.671,3.973,16.543,5.276,75.0,LOITER,active,1,1,34,-48.474,-41.574,,71.526,78.426,,received,received,
1788859501.261,6.3,1,47.39799900,8.54587980,8.054,3.091,-6.325,8.054,6.342,73.0,LOITER,active,1,1,40,,-43.429,-49.609,,76.571,70.391,,received,received
1788859501.261,6.3,2,47.39791210,8.54616290,12.781,-6.561,-0.073,12.700,5.915,73.0,LOITER,active,1,1,40,-43.429,,-43.171,76.571,,76.829,received,,received
1788859501.261,6.3,3,47.39800400,8.54644420,16.659,3.682,6.097,16.659,6.381,74.0,LOITER,active,1,1,40,-49.609,-43.171,,70.391,76.829,,received,received,
1788859502.298,7.3,1,47.39800970,8.54584640,8.076,4.583,-9.483,8.013,7.760,71.0,LOITER,active,1,1,46,,-44.786,-50.646,,75.214,69.354,,received,received
1788859502.298,7.3,2,47.39788890,8.54616180,12.823,-9.152,-0.158,12.742,7.024,73.0,LOITER,active,1,1,46,-44.786,,-44.698,75.214,,75.302,received,,received
1788859502.298,7.3,3,47.39801440,8.54647800,16.762,4.838,8.632,16.762,7.543,72.0,LOITER,active,1,1,46,-50.646,-44.698,,69.354,75.302,,received,received,
1788859503.348,8.3,1,47.39802510,8.54579630,8.103,5.952,-12.504,8.103,8.925,71.0,LOITER,active,1,1,53,,-46.598,-51.936,,73.402,68.064,,received,received
1788859503.348,8.3,2,47.39785470,8.54616140,12.853,-12.180,-0.190,12.853,8.128,71.0,LOITER,active,1,1,53,-46.598,,-46.520,73.402,,73.480,dropped,,dropped
1788859503.348,8.3,3,47.39802650,8.54651730,16.863,6.178,11.584,16.863,8.735,72.0,LOITER,active,1,1,53,-51.936,-46.520,,68.064,73.480,,received,received,
1788859504.393,9.4,1,47.39803950,8.54575060,8.117,7.540,-15.923,8.117,10.103,71.0,LOITER,active,1,1,59,,-48.381,-53.268,,71.619,66.732,,received,received
1788859504.393,9.4,2,47.39782280,8.54616180,12.886,-16.594,-0.153,12.806,9.498,71.0,LOITER,active,1,1,59,-48.381,,-48.379,71.619,,71.621,received,,received
1788859504.393,9.4,3,47.39804460,8.54657490,16.977,8.147,15.831,16.977,10.246,72.0,LOITER,active,1,1,59,-53.268,-48.379,,66.732,71.621,,received,received,
1788859505.428,10.4,1,47.39806050,8.54568700,8.101,9.898,-20.767,8.101,11.427,69.0,LOITER,active,1,1,65,,-50.147,-54.535,,69.853,65.465,,received,received
1788859505.428,10.4,2,47.39777720,8.54616280,12.928,-21.600,-0.078,12.847,10.833,70.0,LOITER,active,1,1,65,-50.147,,-50.080,69.853,,69.920,received,,received
1788859505.428,10.4,3,47.39806110,8.54662680,17.043,10.481,20.792,17.012,11.547,70.0,LOITER,active,1,1,65,-54.535,-50.080,,65.465,69.920,,received,received,
1788859506.458,11.5,1,47.39808500,8.54561870,8.052,12.573,-25.826,8.052,11.813,69.0,LOITER,active,1,1,71,,-51.909,-55.883,,68.091,64.117,,received,received
1788859506.458,11.5,2,47.39773710,8.54616380,12.927,-26.065,-0.004,12.846,11.592,70.0,LOITER,active,1,1,71,-51.909,,-51.884,68.091,,68.116,received,,received
1788859506.458,11.5,3,47.39808380,8.54669530,17.083,12.535,24.960,17.083,11.868,70.0,LOITER,active,1,1,71,-55.883,-51.884,,64.117,68.116,,received,received,
1788859507.499,12.5,1,47.39810480,8.54556590,8.031,14.774,-29.805,8.031,11.574,68.0,LOITER,active,1,1,80,,-53.528,-57.082,,66.472,62.918,,dropped,received
1788859507.499,12.5,2,47.39768580,8.54616440,12.915,-31.863,0.042,12.833,11.627,68.0,LOITER,active,1,1,80,-53.528,,-53.489,66.472,,66.511,received,,dropped
1788859507.499,12.5,3,47.39810690,8.54676350,17.157,15.065,30.014,17.157,11.581,69.0,LOITER,active,1,1,80,-57.082,-53.489,,62.918,66.511,,received,received,
1788859508.536,13.5,1,47.39812390,8.54551360,8.017,16.906,-33.744,8.017,11.464,68.0,LOITER,active,1,1,86,,-54.779,-58.023,,65.221,61.977,,received,received
1788859508.536,13.5,2,47.39764610,8.54616450,12.918,-36.265,0.045,12.837,10.935,68.0,LOITER,active,1,1,86,-54.779,,-54.733,65.221,,65.267,received,,received
1788859508.536,13.5,3,47.39812460,8.54681680,17.226,17.040,34.025,17.226,11.486,69.0,LOITER,active,1,1,86,-58.023,-54.733,,61.977,65.267,,received,received,
1788859509.579,14.6,1,47.39814270,8.54546040,7.998,18.994,-37.741,7.998,11.490,68.0,LOITER,active,1,1,92,,-55.825,-58.855,,64.175,61.145,,received,received
1788859509.579,14.6,2,47.39761010,8.54616440,12.927,-40.247,0.040,12.846,9.728,66.0,LOITER,active,1,1,92,-55.825,,-55.778,64.175,,64.222,received,,received
1788859509.579,14.6,3,47.39814240,8.54687040,17.293,19.017,38.060,17.293,11.508,69.0,LOITER,active,1,1,92,-58.855,-55.778,,61.145,64.222,,received,received,
1788859510.613,15.6,1,47.39816580,8.54539300,7.979,21.605,-42.893,7.979,11.580,66.0,LOITER,active,1,1,102,,-56.820,-59.710,,63.180,60.290,,dropped,received
1788859510.613,15.6,2,47.39757110,8.54616410,12.925,-44.494,0.018,12.844,8.183,66.0,LOITER,active,1,1,102,-56.820,,-56.773,63.180,,63.227,dropped,,received
1788859510.613,15.6,3,47.39816060,8.54692460,17.362,21.560,43.207,17.335,11.585,67.0,LOITER,active,1,1,102,-59.710,-56.773,,60.290,63.227,,received,received,
1788859511.662,16.7,1,47.39818930,8.54532380,7.967,24.176,-48.022,7.967,11.457,64.0,LOITER,active,1,1,108,,-57.757,-60.581,,62.243,59.419,,received,received
1788859511.662,16.7,2,47.39754450,8.54616380,12.927,-47.447,-0.008,12.845,7.068,66.0,LOITER,active,1,1,108,-57.757,,-57.713,62.243,,62.287,received,,received
1788859511.662,16.7,3,47.39818340,8.54699230,17.434,23.611,47.320,17.434,11.511,66.0,LOITER,active,1,1,108,-60.581,-57.713,,59.419,62.287,,received,received,
1788859512.695,17.7,1,47.39820720,8.54527140,7.958,26.179,-51.981,7.958,10.755,64.0,LOITER,active,1,1,114,,-58.545,-61.352,,61.455,58.648,,received,received
1788859512.695,17.7,2,47.39751620,8.54616360,12.937,-50.628,-0.016,12.856,5.705,65.0,LOITER,active,1,1,114,-58.545,,-58.503,61.455,,61.497,received,,received
1788859512.695,17.7,3,47.39820600,8.54705820,17.505,26.090,52.209,17.505,10.712,65.0,LOITER,active,1,1,114,-61.352,-58.503,,58.648,61.497,,received,received,
1788859513.740,18.7,1,47.39822750,8.54521290,7.948,28.486,-56.481,7.948,9.582,64.0,LOITER,active,1,1,120,,-59.174,-61.971,,60.826,58.029,,received,received
1788859513.740,18.7,2,47.39749740,8.54616370,12.957,-52.704,-0.012,12.876,4.620,65.0,LOITER,active,1,1,120,-59.174,,-59.112,60.826,,60.888,received,,received
1788859513.740,18.7,3,47.39822260,8.54710560,17.557,27.942,55.789,17.557,9.804,65.0,LOITER,active,1,1,120,-61.971,-59.112,,58.029,60.888,,received,received,
1788859514.781,19.8,1,47.39824230,8.54517040,7.946,30.133,-59.690,7.946,8.707,63.0,LOITER,active,1,1,130,,-59.693,-62.526,,60.307,57.474,,received,received
1788859514.781,19.8,2,47.39747880,8.54616350,12.973,-54.726,-0.024,12.892,3.442,63.0,LOITER,active,1,1,130,-59.693,,-59.659,60.307,,60.341,received,,dropped
1788859514.781,19.8,3,47.39824120,8.54715870,17.620,30.051,59.863,17.620,8.717,64.0,LOITER,active,1,1,130,-62.526,-59.659,,57.474,60.341,,dropped,received,
1788859515.821,20.8,1,47.39825900,8.54512190,7.953,31.967,-63.296,7.953,7.707,63.0,LOITER,active,1,1,136,,-60.137,-63.008,,59.863,56.992,,received,received
1788859515.821,20.8,2,47.39746490,8.54616330,12.983,-56.289,-0.040,12.902,2.514,63.0,LOITER,active,1,1,136,-60.137,,-60.111,59.863,,59.889,received,,received
1788859515.821,20.8,3,47.39825470,8.54719760,17.679,31.897,63.462,17.649,7.749,62.0,LOITER,active,1,1,136,-63.008,-60.111,,56.992,59.889,,received,received,
1788859516.871,21.9,1,47.39827140,8.54508730,7.973,33.344,-65.917,7.973,7.065,61.0,LOITER,active,1,1,142,,-60.515,-63.422,,59.485,56.578,,received,received
1788859516.871,21.9,2,47.39745600,8.54616450,13.005,-57.272,0.056,12.925,2.150,61.0,LOITER,active,1,1,142,-60.515,,-60.480,59.485,,59.520,received,,received
1788859516.871,21.9,3,47.39827070,8.54724290,17.758,33.300,66.152,17.758,7.516,62.0,LOITER,active,1,1,142,-63.422,-60.480,,56.578,59.520,,received,received,
1788859517.909,22.9,1,47.39828970,8.54504920,8.020,35.385,-68.843,8.020,7.016,61.0,LOITER,active,1,1,150,,-60.815,-63.748,,59.185,56.252,,received,received
1788859517.909,22.9,2,47.39744720,8.54617010,13.040,-58.254,0.497,12.960,2.742,61.0,LOITER,active,1,1,150,-60.815,,-60.770,59.185,,59.230,dropped,,received
1788859517.909,22.9,3,47.39828550,8.54727970,17.864,34.928,68.915,17.864,8.266,62.0,LOITER,active,1,1,150,-63.748,-60.770,,56.252,59.230,,received,received,
1788859518.945,23.9,1,47.39830920,8.54501960,8.046,37.535,-71.069,8.046,7.924,61.0,LOITER,active,1,1,156,,-61.173,-64.101,,58.827,55.899,,received,received
1788859518.945,23.9,2,47.39743230,8.54618470,13.085,-59.900,1.590,13.004,4.453,60.0,LOITER,active,1,1,156,-61.173,,-61.113,58.827,,58.887,received,,received
1788859518.945,23.9,3,47.39830470,8.54732090,17.937,37.688,72.872,17.901,10.161,62.0,LOITER,active,1,1,156,-64.101,-61.113,,55.899,58.887,,received,received,
1788859519.984,25.0,1,47.39833250,8.54498590,8.086,40.782,-74.268,8.026,9.698,59.0,LOITER,active,1,1,162,,-61.581,-64.443,,58.419,55.557,,received,received
1788859519.984,25.0,2,47.39741500,8.54620060,13.091,-61.830,2.790,13.010,6.042,60.0,LOITER,active,1,1,162,-61.581,,-61.475,58.419,,58.525,received,,received
1788859519.984,25.0,3,47.39833480,8.54737980,17.931,40.428,76.486,17.931,11.588,60.0,LOITER,active,1,1,162,-64.443,-61.475,,55.557,58.525,,received,received,
1788859521.031,26.0,1,47.39835850,8.54494490,8.095,43.000,-76.649,8.095,10.862,57.0,LOITER,active,1,1,170,,-62.074,-64.829,,57.926,55.171,,dropped,received
1788859521.031,26.0,2,47.39739290,8.54621960,13.085,-64.298,4.227,13.003,7.529,60.0,LOITER,active,1,1,170,-62.074,,-61.901,57.926,,58.099,received,,received
1788859521.031,26.0,3,47.39836180,8.54743140,17.882,43.425,80.370,17.882,12.224,59.0,LOITER,active,1,1,170,-64.829,-61.901,,55.171,58.099,,received,received,
1788859522.041,27.0,1,47.39837250,8.54492190,8.077,44.544,-78.375,8.077,11.527,58.0,LOITER,active,1,1,176,,-62.490,-65.143,,57.510,54.857,,received,received
1788859522.041,27.0,2,47.39738030,8.54623040,13.076,-65.702,5.043,12.994,8.200,60.0,LOITER,active,1,1,176,-62.490,,-62.242,57.510,,57.758,received,,received
1788859522.041,27.0,3,47.39837530,8.54745720,17.864,44.928,82.316,17.864,12.156,59.0,LOITER,active,1,1,176,-65.143,-62.242,,54.857,57.758,,received,received,
1788859523.087,28.1,1,47.39840950,8.54486120,8.005,48.593,-82.865,8.005,12.211,58.0,LOITER,active,1,1,182,,-62.842,-65.396,,57.158,54.604,,received,received
1788859523.087,28.1,2,47.39735250,8.54625370,13.057,-68.811,6.796,12.975,9.307,58.0,LOITER,active,1,1,182,-62.842,,-62.511,57.158,,57.489,received,,received
1788859523.087,28.1,3,47.39840120,8.54750740,17.849,47.810,86.093,17.849,11.830,59.0,LOITER,active,1,1,182,-65.396,-62.511,,54.604,57.489,,received,received,
1788859524.132,29.1,1,47.39843870,8.54481460,7.979,51.843,-86.388,7.979,11.935,58.0,LOITER,active,1,1,188,,-63.432,-65.801,,56.568,54.199,,received,received
1788859524.132,29.1,2,47.39731260,8.54628160,13.052,-73.327,8.925,12.971,10.512,56.0,LOITER,active,1,1,188,-63.432,,-62.943,56.568,,57.057,received,,received
1788859524.132,29.1,3,47.39842620,8.54755610,17.854,51.263,90.640,17.816,11.673,59.0,LOITER,active,1,1,188,-65.801,-62.943,,54.199,57.057,,received,received,
1788859525.161,30.2,1,47.39846700,8.54476960,7.974,54.996,-89.774,7.974,11.737,56.0,LOITER,active,1,1,196,,-64.020,-66.193,,55.980,53.807,,received,received
1788859525.161,30.2,2,47.39727620,8.54630260,13.047,-77.395,10.506,12.965,11.454,56.0,LOITER,active,1,1,196,-64.020,,-63.399,55.980,,56.601,received,,received
1788859525.161,30.2,3,47.39845780,8.54761740,17.866,54.053,94.302,17.866,11.699,57.0,LOITER,active,1,1,196,-66.193,-63.399,,53.807,56.601,,dropped,received,
1788859526.199,31.2,1,47.39850200,8.54471420,7.968,58.944,-94.010,7.968,11.711,56.0,LOITER,active,1,1,204,,-64.605,-66.578,,55.395,53.422,,received,received
1788859526.199,31.2,2,47.39722660,8.54632860,13.003,-82.826,12.433,12.921,11.966,56.0,LOITER,active,1,1,204,-64.605,,-63.886,55.395,,56.114,dropped,,received
1788859526.199,31.2,3,47.39848320,8.54766640,17.867,57.614,98.946,17.827,11.755,56.0,LOITER,active,1,1,204,-66.578,-63.886,,53.422,56.114,,received,received,
1788859527.245,32.2,1,47.39853780,8.54465720,7.974,62.865,-98.232,7.974,11.764,54.0,LOITER,active,1,1,210,,-65.200,-66.969,,54.800,53.031,,received,received
1788859527.245,32.2,2,47.39717810,8.54635440,12.979,-88.300,14.408,12.897,11.742,55.0,LOITER,active,1,1,210,-65.200,,-64.396,54.800,,55.604,received,,received
1788859527.245,32.2,3,47.39852180,8.54774010,17.875,61.165,103.533,17.875,11.798,55.0,LOITER,active,1,1,210,-66.969,-64.396,,53.031,55.604,,received,received,
1788859528.285,33.3,1,47.39857330,8.54460050,7.975,66.873,-102.569,7.975,11.807,54.0,LOITER,active,1,1,216,,-65.808,-67.374,,54.192,52.626,,received,received
1788859528.285,33.3,2,47.39713000,8.54638080,12.986,-93.568,16.362,12.905,11.630,55.0,LOITER,active,1,1,216,-65.808,,-64.911,54.192,,55.089,received,,received
1788859528.285,33.3,3,47.39855390,8.54780120,17.880,64.798,108.210,17.880,11.829,55.0,LOITER,active,1,1,216,-67.374,-64.911,,52.626,55.089,,received,received,
1788859529.329,34.3,1,47.39860940,8.54454260,7.981,70.826,-106.854,7.981,11.831,53.0,LOITER,active,1,1,222,,-66.320,-67.736,,53.680,52.264,,received,received
1788859529.329,34.3,2,47.39708220,8.54640650,12.990,-98.970,18.325,12.908,11.658,53.0,LOITER,active,1,1,222,-66.320,,-65.367,53.680,,54.633,received,,received
1788859529.329,34.3,3,47.39858670,8.54786380,17.881,68.382,112.842,17.881,11.859,54.0,LOITER,active,1,1,222,-67.736,-65.367,,52.264,54.633,,received,received,
1788859530.370,35.4,1,47.39864510,8.54448540,7.988,74.852,-111.229,7.988,11.858,51.0,LOITER,active,1,1,228,,-66.843,-68.104,,53.157,51.896,,received,received
1788859530.370,35.4,2,47.39703290,8.54643240,12.991,-104.365,20.241,12.909,11.717,53.0,LOITER,active,1,1,228,-66.843,,-65.829,53.157,,54.171,received,,received
1788859530.370,35.4,3,47.39861910,8.54792570,17.900,72.038,117.574,17.900,11.883,52.0,LOITER,active,1,1,228,-68.104,-65.829,,51.896,54.171,,received,received,
1788859531.405,36.4,1,47.39868140,8.54442710,7.989,79.665,-116.451,7.922,11.882,51.0,LOITER,active,1,1,234,,-67.353,-68.468,,52.647,51.532,,received,received
1788859531.405,36.4,2,47.39698380,8.54645790,12.985,-109.911,22.197,12.903,11.776,52.0,LOITER,active,1,1,234,-67.353,,-66.286,52.647,,53.714,received,,received
1788859531.405,36.4,3,47.39865190,8.54798880,17.915,75.630,122.248,17.915,11.900,52.0,LOITER,active,1,1,234,-68.468,-66.286,,51.532,53.714,,received,received,
1788859532.454,37.5,1,47.39872490,8.54435780,7.984,83.668,-120.764,7.984,11.896,51.0,LOITER,active,1,1,240,,-67.856,-68.830,,52.144,51.170,,received,received
1788859532.454,37.5,2,47.39692400,8.54648890,12.979,-115.408,24.125,12.979,11.816,52.0,LOITER,active,1,1,240,-67.856,,-66.740,52.144,,53.260,received,,received
1788859532.454,37.5,3,47.39868420,8.54805100,17.924,79.284,127.007,17.924,11.914,52.0,LOITER,active,1,1,240,-68.830,-66.740,,51.170,53.260,,received,received,
1788859533.489,38.5,1,47.39874650,8.54432360,7.979,86.133,-123.409,7.979,11.907,51.0,LOITER,active,1,1,248,,-68.337,-69.172,,51.663,50.828,,dropped,received
1788859533.489,38.5,2,47.39689360,8.54650460,12.977,-119.859,25.678,12.895,11.841,51.0,LOITER,active,1,1,248,-68.337,,-67.166,51.663,,52.834,received,,received
1788859533.489,38.5,3,47.39870410,8.54808910,17.927,82.190,130.783,17.887,11.923,51.0,LOITER,active,1,1,248,-69.172,-67.166,,50.828,52.834,,received,dropped,
1788859534.476,39.5,1,47.39877570,8.54427730,7.971,89.375,-126.894,7.971,11.918,51.0,LOITER,active,1,1,254,,-68.602,-69.375,,51.398,50.625,,received,received
1788859534.476,39.5,2,47.39685350,8.54652530,12.971,-124.311,27.238,12.889,11.806,51.0,LOITER,active,1,1,254,-68.602,,-67.420,51.398,,52.580,received,,received
1788859534.476,39.5,3,47.39873030,8.54813930,17.933,85.101,134.561,17.893,11.931,51.0,LOITER,active,1,1,254,-69.375,-67.420,,50.625,52.580,,received,received,
1788859535.497,40.5,1,47.39879020,8.54425400,7.969,91.767,-129.485,7.903,11.926,50.0,LOITER,active,1,1,262,,-68.971,-69.647,,51.029,50.353,,received,dropped
1788859535.497,40.5,2,47.39683370,8.54653570,12.965,-126.516,28.015,12.883,11.650,51.0,LOITER,active,1,1,262,-68.971,,-67.758,51.029,,52.242,received,,received
1788859535.497,40.5,3,47.39874960,8.54817650,17.939,86.556,136.451,17.939,11.934,50.0,LOITER,active,1,1,262,-69.647,-67.758,,50.353,52.242,,received,received,
1788859536.496,41.5,1,47.39882700,8.54419560,7.971,95.876,-133.866,7.904,11.930,51.0,LOITER,active,1,1,268,,-69.206,-69.823,,50.794,50.177,,received,received
1788859536.496,41.5,2,47.39678680,8.54656080,12.954,-131.805,29.937,12.873,10.934,51.0,LOITER,active,1,1,268,-69.206,,-67.973,50.794,,52.027,received,,received
1788859536.496,41.5,3,47.39878290,8.54823950,17.945,90.195,141.120,17.945,11.941,51.0,LOITER,active,1,1,268,-69.823,-67.973,,50.177,52.027,,received,received,
1788859537.551,42.5,1,47.39886450,8.54414000,7.965,100.054,-138.032,7.898,11.930,51.0,LOITER,active,1,1,278,,-69.619,-70.140,,50.381,49.860,,received,received
1788859537.551,42.5,2,47.39674090,8.54658760,12.989,-136.824,31.929,12.909,11.156,51.0,LOITER,active,1,1,278,-69.619,,-68.354,50.381,,51.646,received,,received
1788859537.551,42.5,3,47.39881620,8.54830070,17.945,93.962,145.803,17.945,11.944,51.0,LOITER,active,1,1,278,-70.140,-68.354,,49.860,51.646,,received,dropped,
1788859538.601,43.6,1,47.39890230,8.54408350,7.970,104.254,-142.299,7.906,11.932,51.0,LOITER,active,1,1,284,,-69.970,-70.404,,50.030,49.596,,received,received
1788859538.601,43.6,2,47.39669240,8.54661590,13.017,-142.320,34.096,12.935,12.011,51.0,LOITER,active,1,1,284,-69.970,,-68.673,50.030,,51.327,received,,received
1788859538.601,43.6,3,47.39884980,8.54836340,17.950,97.639,150.443,17.950,11.950,51.0,LOITER,active,1,1,284,-70.404,-68.673,,49.596,51.327,,received,received,
1788859539.648,44.6,1,47.39894710,8.54401540,7.980,108.369,-146.537,7.980,11.945,50.0,LOITER,active,1,1,292,,-70.369,-70.700,,49.631,49.300,,received,received
1788859539.648,44.6,2,47.39664080,8.54664560,12.989,-147.971,36.298,12.908,12.084,51.0,LOITER,active,1,1,292,-70.369,,-69.037,49.631,,50.963,received,,received
1788859539.648,44.6,3,47.39888280,8.54842510,17.961,101.362,155.167,17.961,11.954,50.0,LOITER,active,1,1,292,-70.700,-69.037,,49.300,50.963,,received,dropped,
1788859540.697,45.7,1,47.39898420,8.54395900,7.982,112.560,-150.852,7.982,11.955,51.0,LOITER,active,1,1,298,,-70.747,-70.981,,49.253,49.019,,received,received
1788859540.697,45.7,2,47.39658060,8.54668060,12.979,-154.659,38.930,12.897,11.924,51.0,LOITER,active,1,1,298,-70.747,,-69.383,49.253,,50.617,received,,received
1788859540.697,45.7,3,47.39892290,8.54849970,17.959,105.821,160.777,17.959,11.961,51.0,LOITER,active,1,1,298,-70.981,-69.383,,49.019,50.617,,received,received,
1788859541.743,46.7,1,47.39902220,8.54390190,7.981,116.713,-155.082,7.981,11.962,51.0,LOITER,active,1,1,304,,-71.119,-71.262,,48.881,48.738,,received,received
1788859541.743,46.7,2,47.39653130,8.54670920,12.979,-160.229,41.120,12.898,11.900,50.0,LOITER,active,1,1,304,-71.119,,-69.726,48.881,,50.274,received,,received
1788859541.743,46.7,3,47.39894970,8.54854950,17.957,109.514,165.436,17.916,11.974,51.0,LOITER,active,1,1,304,-71.262,-69.726,,48.738,50.274,,received,received,
1788859542.742,47.7,1,47.39905960,8.54384580,7.978,120.941,-159.374,7.978,11.967,51.0,LOITER,active,1,1,312,,-71.451,-71.515,,48.549,48.485,,received,received
1788859542.742,47.7,2,47.39648110,8.54673820,12.983,-165.728,43.262,12.901,11.917,51.0,LOITER,active,1,1,312,-71.451,,-70.032,48.549,,49.968,dropped,,received
1788859542.742,47.7,3,47.39898330,8.54861270,17.958,113.257,170.185,17.917,11.976,51.0,LOITER,active,1,1,312,-71.515,-70.032,,48.485,49.968,,dropped,received,
1788859543.786,48.8,1,47.39909760,8.54378860,7.977,125.104,-163.609,7.977,11.974,50.0,LOITER,active,1,1,318,,-71.798,-71.783,,48.202,48.217,,received,received
1788859543.786,48.8,2,47.39643150,8.54676640,12.983,-171.333,45.424,12.901,11.933,51.0,LOITER,active,1,1,318,-71.798,,-70.356,48.202,,49.644,received,,received
1788859543.786,48.8,3,47.39901650,8.54867470,17.961,116.951,174.850,17.920,11.979,50.0,LOITER,active,1,1,318,-71.783,-70.356,,48.217,49.644,,received,received,
1788859544.828,49.8,1,47.39913500,8.54373240,7.981,129.331,-167.908,7.981,11.973,51.0,LOITER,active,1,1,324,,-72.120,-72.032,,47.880,47.968,,received,received
1788859544.828,49.8,2,47.39638100,8.54679520,12.978,-176.855,47.558,12.897,11.944,51.0,LOITER,active,1,1,324,-72.120,,-70.656,47.880,,49.344,received,,received
1788859544.828,49.8,3,47.39905680,8.54874930,17.967,120.718,179.569,17.967,11.976,51.0,LOITER,active,1,1,324,-72.032,-70.656,,47.968,49.344,,received,received,
1788859545.861,50.9,1,47.39917310,8.54367550,7.989,134.374,-173.007,7.924,11.972,51.0,LOITER,active,1,1,330,,-72.447,-72.282,,47.553,47.718,,received,received
1788859545.861,50.9,2,47.39633140,8.54682380,12.983,-182.463,49.745,12.902,11.952,50.0,LOITER,active,1,1,330,-72.447,,-70.957,47.553,,49.043,received,,received
1788859545.861,50.9,3,47.39909060,8.54881220,17.973,124.415,184.224,17.973,11.980,51.0,LOITER,active,1,1,330,-72.282,-70.957,,47.718,49.043,,received,received,
1788859546.904,51.9,1,47.39921860,8.54360790,7.989,138.553,-177.213,7.989,11.973,51.0,LOITER,active,1,1,338,,-72.763,-72.533,,47.237,47.467,,received,received
1788859546.904,51.9,2,47.39627140,8.54685860,12.983,-189.132,52.360,12.901,11.954,51.0,LOITER,active,1,1,338,-72.763,,-71.259,47.237,,48.741,received,,received
1788859546.904,51.9,3,47.39912370,8.54887430,17.969,128.860,189.878,17.927,11.981,51.0,LOITER,active,1,1,338,-72.533,-71.259,,47.467,48.741,,dropped,received,
1788859547.938,52.9,1,47.39925600,8.54355180,7.984,142.782,-181.497,7.984,11.975,51.0,LOITER,active,1,1,351,,-73.368,-73.012,,46.632,46.988,,dropped,dropped
1788859547.938,52.9,2,47.39622090,8.54688770,12.988,-194.655,54.518,12.906,11.960,51.0,LOITER,active,1,1,351,-73.368,,-71.828,46.632,,48.172,received,,received
1788859547.938,52.9,3,47.39916360,8.54894940,17.965,132.590,194.622,17.965,11.982,50.0,LOITER,active,1,1,351,-73.012,-71.828,,46.988,48.172,,received,received,
1788859548.988,54.0,1,47.39929400,8.54349460,7.989,146.942,-185.735,7.989,11.981,51.0,LOITER,active,1,1,357,,-73.650,-73.236,,46.350,46.764,,received,received
1788859548.988,54.0,2,47.39617130,8.54691640,12.990,-200.266,56.715,12.908,11.964,51.0,LOITER,active,1,1,357,-73.650,,-72.094,46.350,,47.906,received,,received
1788859548.988,54.0,3,47.39919740,8.54901220,17.964,136.286,199.278,17.964,11.986,51.0,LOITER,active,1,1,357,-73.236,-72.094,,46.764,47.906,,received,received,
1788859550.028,55.0,1,47.39933150,8.54343840,7.996,151.976,-190.853,7.929,11.979,51.0,LOITER,active,1,1,363,,-73.932,-73.463,,46.068,46.537,,received,received
1788859550.028,55.0,2,47.39612070,8.54694570,12.981,-205.793,58.886,12.899,11.973,50.0,LOITER,active,1,1,363,-73.932,,-72.361,46.068,,47.639,received,,received
1788859550.028,55.0,3,47.39923070,8.54907410,17.961,140.049,204.011,17.961,11.994,51.0,LOITER,active,1,1,363,-73.463,-72.361,,46.537,47.639,,received,received,
1788859551.069,56.1,1,47.39937660,8.54337030,7.995,156.188,-195.162,7.995,11.980,51.0,LOITER,active,1,1,369,,-74.207,-73.684,,45.793,46.316,,received,received
1788859551.069,56.1,2,47.39606070,8.54698030,12.986,-211.406,61.075,12.986,11.969,51.0,LOITER,active,1,1,369,-74.207,,-72.622,45.793,,47.378,received,,received
1788859551.069,56.1,3,47.39926440,8.54913700,17.965,143.741,208.671,17.965,11.993,51.0,LOITER,active,1,1,369,-73.684,-72.622,,46.316,47.378,,received,received,
1788859552.117,57.1,1,47.39941450,8.54331310,7.991,160.343,-199.400,7.991,11.984,51.0,LOITER,active,1,1,377,,-74.474,-73.901,,45.526,46.099,,received,received
1788859552.117,57.1,2,47.39601100,8.54700880,12.991,-218.090,63.665,12.909,11.973,51.0,LOITER,active,1,1,377,-74.474,,-72.876,45.526,,47.124,received,,received
1788859552.117,57.1,3,47.39930440,8.54921180,17.978,148.189,214.302,17.978,11.984,51.0,LOITER,active,1,1,377,-73.901,-72.876,,46.099,47.124,,dropped,received,
1788859553.165,58.2,1,47.39945190,8.54325700,7.986,164.568,-203.688,7.986,11.977,51.0,LOITER,active,1,1,387,,-74.723,-74.103,,45.277,45.897,,received,received
1788859553.165,58.2,2,47.39596040,8.54703780,12.995,-223.624,65.818,12.914,11.969,51.0,LOITER,active,1,1,387,-74.723,,-73.113,45.277,,46.887,received,,received
1788859553.165,58.2,3,47.39933750,8.54927370,17.985,151.922,219.034,17.985,11.985,51.0,LOITER,active,1,1,387,-74.103,-73.113,,45.897,46.887,,received,dropped,
1788859554.167,59.2,1,47.39948980,8.54320000,7.980,168.716,-207.905,7.980,11.976,51.0,LOITER,active,1,1,393,,-74.967,-74.305,,45.033,45.695,,received,received
1788859554.167,59.2,2,47.39591150,8.54706590,12.991,-229.146,67.961,12.909,11.431,51.0,LOITER,active,1,1,393,-74.967,,-73.347,45.033,,46.653,received,,received
1788859554.167,59.2,3,47.39937110,8.54933670,17.987,155.598,223.700,17.987,11.990,51.0,LOITER,active,1,1,393,-74.305,-73.347,,45.695,46.653,,received,received,
1788859555.255,60.3,1,47.39953490,8.54313210,7.980,173.726,-213.017,7.980,11.913,51.0,LOITER,active,1,1,399,,-75.210,-74.515,,44.790,45.485,,received,received
1788859555.255,60.3,2,47.39585830,8.54709670,12.974,-234.075,69.900,12.974,10.196,51.0,LOITER,active,1,1,399,-75.210,,-73.580,44.790,,46.420,received,,received
1788859555.255,60.3,3,47.39940420,8.54939860,17.987,159.341,228.433,17.987,11.989,51.0,LOITER,active,1,1,399,-74.515,-73.580,,45.485,46.420,,received,received,
1788859556.307,61.3,1,47.39957080,8.54307800,7.972,177.799,-217.166,7.972,11.306,51.0,LOITER,active,1,1,407,,-75.423,-74.712,,44.577,45.288,,dropped,received
1788859556.307,61.3,2,47.39581950,8.54711930,12.970,-239.267,71.944,12.889,9.001,51.0,LOITER,active,1,1,407,-75.423,,-73.789,44.577,,46.211,received,,received
1788859556.307,61.3,3,47.39944440,8.54947310,17.986,163.815,234.041,17.986,11.987,51.0,LOITER,active,1,1,407,-74.712,-73.789,,45.288,46.211,,received,received,
1788859557.352,62.3,1,47.39961430,8.54301300,8.023,182.625,-222.052,8.023,11.876,51.0,LOITER,active,1,1,413,,-75.636,-74.911,,44.364,45.089,,received,received
1788859557.352,62.3,2,47.39578230,8.54714280,13.010,-243.472,73.749,12.930,9.406,51.0,LOITER,active,1,1,413,-75.636,,-74.000,44.364,,46.000,received,,received
1788859557.352,62.3,3,47.39947840,8.54953560,17.982,167.533,238.668,17.982,11.989,51.0,LOITER,active,1,1,413,-74.911,-74.000,,45.089,46.000,,received,received,
1788859558.396,63.4,1,47.39965320,8.54295530,7.995,186.875,-226.322,7.995,12.093,51.0,LOITER,active,1,1,421,,-75.855,-75.104,,44.145,44.896,,received,received
1788859558.396,63.4,2,47.39573980,8.54717030,13.062,-248.143,75.790,12.981,10.786,51.0,LOITER,active,1,1,421,-75.855,,-74.205,44.145,,45.795,received,,dropped
1788859558.396,63.4,3,47.39951170,8.54959730,17.976,171.298,243.387,17.976,11.991,51.0,LOITER,active,1,1,421,-75.104,-74.205,,44.896,45.795,,received,received,
1788859559.443,64.4,1,47.39969120,8.54289930,7.981,191.170,-230.613,7.981,12.013,51.0,LOITER,active,1,1,427,,-76.073,-75.284,,43.927,44.716,,received,received
1788859559.443,64.4,2,47.39568060,8.54720630,13.021,-254.740,78.505,12.939,12.185,51.0,LOITER,active,1,1,427,-76.073,,-74.411,43.927,,45.589,received,,received
1788859559.443,64.4,3,47.39954550,8.54966010,17.979,175.769,249.015,17.939,11.993,50.0,LOITER,active,1,1,427,-75.284,-74.411,,44.716,45.589,,received,received,
1788859560.481,65.5,1,47.39972950,8.54284280,7.985,195.364,-234.791,7.985,11.969,51.0,LOITER,active,1,1,434,,-76.300,-75.468,,43.700,44.532,,dropped,dropped
1788859560.481,65.5,2,47.39562990,8.54723750,12.976,-260.464,80.886,12.894,12.116,51.0,LOITER,active,1,1,434,-76.300,,-74.627,43.700,,45.373,received,,received
1788859560.481,65.5,3,47.39958570,8.54973490,17.988,179.470,253.670,17.988,11.996,51.0,LOITER,active,1,1,434,-75.468,-74.627,,44.532,45.373,,received,received,
1788859561.536,66.5,1,47.39976700,8.54278730,7.982,200.410,-239.852,7.915,11.964,51.0,LOITER,active,1,1,440,,-76.519,-75.650,,43.481,44.350,,received,received
1788859561.536,66.5,2,47.39558000,8.54726750,12.970,-265.915,83.104,12.889,11.846,51.0,LOITER,active,1,1,440,-76.519,,-74.835,43.481,,45.165,received,,received
1788859561.536,66.5,3,47.39961890,8.54979670,17.991,183.222,258.400,17.991,11.994,51.0,LOITER,active,1,1,440,-75.650,-74.835,,44.350,45.165,,received,received,
1788859562.590,67.6,1,47.39979000,8.54275320,7.980,202.091,-241.539,7.980,11.966,51.0,LOITER,active,1,1,448,,-76.643,-75.754,,43.357,44.246,,received,received
1788859562.590,67.6,2,47.39555110,8.54728430,12.977,-269.220,84.404,12.896,11.794,51.0,LOITER,active,1,1,448,-76.643,,-74.955,43.357,,45.045,dropped,,received
1788859562.590,67.6,3,47.39963930,8.54983470,17.991,185.432,261.182,17.991,11.998,51.0,LOITER,active,1,1,448,-75.754,-74.955,,44.246,45.045,,received,received,
1788859563.594,68.6,1,47.39982750,8.54269750,7.982,206.326,-245.801,7.982,11.974,51.0,LOITER,active,1,1,454,,-76.810,-75.896,,43.190,44.104,,received,received
1788859563.594,68.6,2,47.39551170,8.54730660,12.987,-273.598,86.084,12.905,11.828,51.0,LOITER,active,1,1,454,-76.810,,-75.117,43.190,,44.883,received,,received
1788859563.594,68.6,3,47.39966620,8.54988470,17.989,188.422,264.946,17.989,12.004,51.0,LOITER,active,1,1,454,-75.896,-75.117,,44.104,44.883,,received,received,
1788859564.595,69.6,1,47.39985770,8.54265230,7.985,209.685,-249.196,7.985,11.979,51.0,LOITER,active,1,1,462,,-76.994,-76.052,,43.006,43.948,,received,received
1788859564.595,69.6,2,47.39546180,8.54733490,12.985,-279.064,88.178,12.904,11.887,51.0,LOITER,active,1,1,462,-76.994,,-75.296,43.006,,44.704,received,,dropped
1788859564.595,69.6,3,47.39969960,8.54994670,17.992,192.193,269.683,17.992,12.001,50.0,LOITER,active,1,1,462,-76.052,-75.296,,43.948,44.704,,received,received,
1788859565.607,70.6,1,47.39987270,8.54262980,7.987,211.363,-250.891,7.987,11.979,51.0,LOITER,active,1,1,470,,-77.088,-76.131,,42.912,43.869,,received,received
1788859565.607,70.6,2,47.39544190,8.54734620,12.985,-280.213,88.621,12.985,11.896,51.0,LOITER,active,1,1,470,-77.088,,-75.387,42.912,,44.613,received,,received
1788859565.607,70.6,3,47.39970660,8.54995960,17.992,192.911,270.583,17.992,12.000,51.0,LOITER,active,1,1,470,-76.131,-75.387,,43.869,44.613,,received,dropped,
1788859566.613,71.6,1,47.39988790,8.54260730,7.989,213.851,-253.399,7.922,11.979,51.0,LOITER,active,1,1,478,,-77.166,-76.197,,42.834,43.803,,received,dropped
1788859566.613,71.6,2,47.39542200,8.54735760,12.984,-283.489,89.888,12.902,11.916,51.0,LOITER,active,1,1,478,-77.166,,-75.463,42.834,,44.537,received,,received
1788859566.613,71.6,3,47.39972650,8.54999640,17.994,195.184,273.429,17.994,11.995,51.0,LOITER,active,1,1,478,-76.197,-75.463,,43.803,44.537,,received,received,
1788859567.664,72.7,1,47.39992600,8.54255060,7.990,218.088,-257.671,7.923,11.983,51.0,LOITER,active,1,1,484,,-77.357,-76.356,,42.643,43.644,,received,received
1788859567.664,72.7,2,47.39537260,8.54738590,12.976,-289.070,92.052,12.895,11.932,50.0,LOITER,active,1,1,484,-77.357,,-75.645,42.643,,44.355,received,,received
1788859567.664,72.7,3,47.39976040,8.55005890,17.992,198.893,278.058,17.992,11.989,51.0,LOITER,active,1,1,484,-76.356,-75.645,,43.644,44.355,,received,received,
1788859568.704,73.7,1,47.39996350,8.54249460,7.993,221.454,-261.064,7.993,11.987,51.0,LOITER,active,1,1,493,,-77.539,-76.512,,42.461,43.488,,received,received
1788859568.704,73.7,2,47.39532240,8.54741480,12.977,-294.566,94.193,12.895,11.942,51.0,LOITER,active,1,1,493,-77.539,,-75.824,42.461,,44.176,dropped,,dropped
1788859568.704,73.7,3,47.39979370,8.55012050,17.995,202.658,282.769,17.995,11.992,51.0,LOITER,active,1,1,493,-76.512,-75.824,,43.488,44.176,,received,received,
1788859569.759,74.8,1,47.40000900,8.54242710,7.985,226.510,-266.149,7.985,11.989,50.0,LOITER,active,1,1,499,,-77.732,-76.673,,42.268,43.327,,received,received
1788859569.759,74.8,2,47.39527300,8.54744350,12.986,-300.151,96.389,12.905,11.950,51.0,LOITER,active,1,1,499,-77.732,,-76.008,42.268,,43.992,received,,received
1788859569.759,74.8,3,47.39982760,8.55018330,17.994,206.361,287.415,17.994,11.997,50.0,LOITER,active,1,1,499,-76.673,-76.008,,43.327,43.992,,received,received,
1788859570.803,75.8,1,47.40004710,8.54237040,7.985,230.688,-270.351,7.985,11.987,51.0,LOITER,active,1,1,505,,-77.916,-76.832,,42.084,43.168,,received,received
1788859570.803,75.8,2,47.39521330,8.54747850,12.996,-305.635,98.568,12.996,11.950,51.0,LOITER,active,1,1,505,-77.916,,-76.189,42.084,,43.811,received,,received
1788859570.803,75.8,3,47.39986080,8.55024500,17.994,210.122,292.139,17.994,11.997,51.0,LOITER,active,1,1,505,-76.832,-76.189,,43.168,43.811,,received,received,
1788859571.848,76.8,1,47.40008470,8.54231450,7.992,234.930,-274.621,7.992,11.986,51.0,LOITER,active,1,1,515,,-78.103,-76.991,,41.897,43.009,,received,received
1788859571.848,76.8,2,47.39517350,8.54750190,12.992,-311.214,100.790,12.910,11.960,50.0,LOITER,active,1,1,515,-78.103,,-76.369,41.897,,43.631,dropped,,dropped
1788859571.848,76.8,3,47.39989460,8.55030770,18.000,213.817,296.784,18.000,11.993,51.0,LOITER,active,1,1,515,-76.991,-76.369,,43.009,43.631,,dropped,received,
1788859572.900,77.9,1,47.40012290,8.54225770,7.994,239.113,-278.826,7.994,11.990,51.0,LOITER,active,1,1,524,,-78.264,-77.129,,41.736,42.871,,received,received
1788859572.900,77.9,2,47.39512320,8.54753120,12.990,-316.720,102.959,12.909,11.969,51.0,LOITER,active,1,1,524,-78.264,,-76.525,41.736,,43.475,received,,received
1788859572.900,77.9,3,47.39992790,8.55036960,17.998,217.577,301.513,17.998,11.999,51.0,LOITER,active,1,1,524,-77.129,-76.525,,42.871,43.475,,received,dropped,
1788859573.947,78.9,1,47.40016060,8.54220200,7.996,243.366,-283.093,7.996,11.988,50.0,LOITER,active,1,1,530,,-78.439,-77.279,,41.561,42.721,,received,received
1788859573.947,78.9,2,47.39507370,8.54756000,12.998,-322.313,105.158,12.917,11.967,51.0,LOITER,active,1,1,530,-78.439,,-76.694,41.561,,43.306,received,,received
1788859573.947,78.9,3,47.39996170,8.55043250,17.988,221.275,306.172,17.988,12.002,50.0,LOITER,active,1,1,530,-77.279,-76.694,,42.721,43.306,,received,received,
1788859574.999,80.0,1,47.40019880,8.54214530,7.999,247.551,-287.292,7.999,11.988,51.0,LOITER,active,1,1,536,,-78.616,-77.431,,41.384,42.569,,received,received
1788859574.999,80.0,2,47.39501450,8.54759430,12.990,-328.879,107.742,12.909,11.437,51.0,LOITER,active,1,1,536,-78.616,,-76.866,41.384,,43.134,received,,received
1788859574.999,80.0,3,47.39999510,8.55049410,17.993,225.766,311.786,17.953,11.998,51.0,LOITER,active,1,1,536,-77.431,-76.866,,42.569,43.134,,received,received,
1788859576.046,81.0,1,47.40023640,8.54208950,7.996,251.801,-291.556,7.996,11.930,51.0,LOITER,active,1,1,542,,-78.784,-77.581,,41.216,42.419,,received,received
1788859576.046,81.0,2,47.39496940,8.54762060,12.984,-333.800,109.684,12.902,10.125,50.0,LOITER,active,1,1,542,-78.784,,-77.030,41.216,,42.970,received,,received
1788859576.046,81.0,3,47.40003530,8.55056860,17.993,229.527,316.492,17.993,11.907,51.0,LOITER,active,1,1,542,-77.581,-77.030,,42.419,42.970,,received,received,
1788859577.084,82.1,1,47.40027280,8.54203530,7.997,256.567,-296.365,7.934,10.449,51.0,LOITER,active,1,1,550,,-78.935,-77.725,,41.065,42.275,,dropped,received
1788859577.084,82.1,2,47.39493190,8.54764200,12.977,-338.022,111.309,12.895,8.313,51.0,LOITER,active,1,1,550,-78.935,,-77.178,41.065,,42.822,received,,received
1788859577.084,82.1,3,47.40006700,8.55062830,18.008,233.003,320.924,18.008,10.745,51.0,LOITER,active,1,1,550,-77.725,-77.178,,42.275,42.822,,received,received,
1788859578.139,83.1,1,47.40030190,8.54199120,7.998,259.658,-299.542,7.928,8.028,51.0,LOITER,active,1,1,556,,-79.049,-77.836,,40.951,42.164,,received,received
1788859578.139,83.1,2,47.39490100,8.54765910,12.970,-341.385,112.568,12.888,6.602,51.0,LOITER,active,1,1,556,-79.049,,-77.291,40.951,,42.709,received,,received
1788859578.139,83.1,3,47.40009260,8.55067640,18.007,235.916,324.628,18.007,8.536,50.0,LOITER,active,1,1,556,-77.836,-77.291,,42.164,42.709,,received,received,
1788859579.141,84.1,1,47.40032330,8.54195810,7.978,261.510,-301.480,7.978,6.108,51.0,LOITER,active,1,1,562,,-79.139,-77.923,,40.861,42.077,,received,received
1788859579.141,84.1,2,47.39487710,8.54767250,12.982,-344.069,113.586,12.901,4.992,51.0,LOITER,active,1,1,562,-79.139,,-77.382,40.861,,42.618,received,,received
1788859579.141,84.1,3,47.40011340,8.55071250,17.995,238.204,327.327,17.995,6.416,51.0,LOITER,active,1,1,562,-77.923,-77.382,,42.077,42.618,,received,received,
1788859580.167,85.2,1,47.40033260,8.54194350,7.979,262.582,-302.624,7.979,4.772,51.0,LOITER,active,1,1,562,,-79.139,-77.923,,40.861,42.077,,received,received
1788859580.167,85.2,2,47.39486560,8.54767940,12.994,-345.300,114.088,12.913,4.060,51.0,LOITER,active,1,1,562,-79.139,,-77.382,40.861,,42.618,received,,received
1788859580.167,85.2,3,47.40012030,8.55072400,17.996,239.340,328.605,17.957,5.229,51.0,LOITER,active,1,1,562,-77.923,-77.382,,42.077,42.618,,received,received,
