time,event_type,entity_id,details
1788859920.693,ScenarioStarted,audisys,seed=42
1788859920.693,UAVStateChanged,uav_1,"role=Scout, x=0.0, y=0.0, z=0.0"
1788859920.693,UAVStateChanged,uav_2,"role=Relay, x=0.0, y=0.0, z=0.0"
1788859920.693,UAVStateChanged,uav_3,"role=Designator, x=0.0, y=0.0, z=0.0"
1788859921.808,UAVStateChanged,uav_1,"role=Scout, x=0.0, y=0.0, z=0.0"
1788859921.808,UAVStateChanged,uav_2,"role=Relay, x=0.0, y=0.0, z=0.0"
1788859921.808,UAVStateChanged,uav_3,"role=Designator, x=0.0, y=0.0, z=0.0"
1788859921.808,RadioObservation,1->2,"condition=NORMAL, rssi=-39.317, snr=80.683, pdr=1.00"
1788859921.808,RadioObservation,1->3,"condition=NORMAL, rssi=-46.391, snr=73.609, pdr=1.00"
1788859921.808,RadioObservation,2->1,"condition=NORMAL, rssi=-39.317, snr=80.683, pdr=1.00"
1788859921.808,RadioObservation,2->3,"condition=NORMAL, rssi=-39.317, snr=80.683, pdr=1.00"
1788859921.808,RadioObservation,3->1,"condition=NORMAL, rssi=-46.391, snr=73.609, pdr=1.00"
1788859921.808,RadioObservation,3->2,"condition=NORMAL, rssi=-39.317, snr=80.683, pdr=1.00"
1788859922.913,UAVStateChanged,uav_1,"role=Scout, x=0.0, y=0.0, z=0.0"
1788859922.913,UAVStateChanged,uav_2,"role=Relay, x=0.0, y=0.0, z=0.0"
1788859922.913,UAVStateChanged,uav_3,"role=Designator, x=0.0, y=0.0, z=0.0"
1788859922.913,RadioObservation,1->2,"condition=DEGRADED, rssi=-39.317, snr=80.683, pdr=0.50"
1788859922.913,RadioObservation,1->3,"condition=NORMAL, rssi=-46.391, snr=73.609, pdr=1.00"
1788859922.913,RadioObservation,3->2,"condition=NORMAL, rssi=-39.317, snr=80.683, pdr=1.00"
1788859922.913,RadioObservation,1->3,"condition=NORMAL, rssi=-46.391, snr=73.609, pdr=1.00"
1788859922.913,RadioObservation,2->1,"condition=NORMAL, rssi=-39.317, snr=80.683, pdr=1.00"
1788859922.913,RadioObservation,2->3,"condition=NORMAL, rssi=-39.317, snr=80.683, pdr=1.00"
1788859922.913,RadioObservation,3->1,"condition=NORMAL, rssi=-46.391, snr=73.609, pdr=1.00"
1788859922.913,RadioObservation,3->2,"condition=NORMAL, rssi=-39.317, snr=80.683, pdr=1.00"
1788859922.913,RadioObservation,1->2,"condition=DEGRADED, rssi=-39.298, snr=80.702, pdr=0.67"
1788859922.913,RadioObservation,1->3,"condition=NORMAL, rssi=-46.375, snr=73.625, pdr=1.00"
1788859922.913,RadioObservation,2->1,"condition=NORMAL, rssi=-39.298, snr=80.702, pdr=1.00"
1788859922.913,RadioObservation,2->3,"condition=NORMAL, rssi=-39.303, snr=80.697, pdr=1.00"
1788859922.913,RadioObservation,3->1,"condition=NORMAL, rssi=-46.375, snr=73.625, pdr=1.00"
1788859922.913,RadioObservation,3->2,"condition=NORMAL, rssi=-39.303, snr=80.697, pdr=1.00"
1788859924.065,UAVStateChanged,uav_1,"role=Scout, x=0.0, y=0.0, z=0.0"
1788859924.065,UAVStateChanged,uav_2,"role=Relay, x=0.0, y=0.0, z=0.0"
1788859924.065,UAVStateChanged,uav_3,"role=Designator, x=0.0, y=0.0, z=0.0"
1788859924.065,RadioObservation,1->2,"condition=DEGRADED, rssi=-39.303, snr=80.697, pdr=0.75"
1788859924.065,RadioObservation,1->3,"condition=NORMAL, rssi=-46.377, snr=73.623, pdr=1.00"
1788859924.065,RadioObservation,2->1,"condition=NORMAL, rssi=-39.303, snr=80.697, pdr=1.00"
1788859924.065,RadioObservation,2->3,"condition=NORMAL, rssi=-39.303, snr=80.697, pdr=1.00"
1788859924.065,RadioObservation,3->1,"condition=DEGRADED, rssi=-46.377, snr=73.623, pdr=0.75"
1788859924.065,RadioObservation,3->2,"condition=NORMAL, rssi=-39.303, snr=80.697, pdr=1.00"
1788859924.065,RadioObservation,2->1,"condition=NORMAL, rssi=-39.303, snr=80.697, pdr=1.00"
1788859924.065,RadioObservation,3->2,"condition=NORMAL, rssi=-39.303, snr=80.697, pdr=1.00"
1788859925.229,UAVStateChanged,uav_1,"role=Scout, x=0.0, y=0.0, z=0.0"
1788859925.229,UAVStateChanged,uav_2,"role=Relay, x=0.0, y=0.0, z=0.0"
1788859925.229,UAVStateChanged,uav_3,"role=Designator, x=0.0, y=0.0, z=0.0"
1788859925.229,RadioObservation,1->2,"condition=DEGRADED, rssi=-39.303, snr=80.697, pdr=0.80"
1788859925.229,RadioObservation,1->3,"condition=NORMAL, rssi=-46.375, snr=73.625, pdr=1.00"
1788859925.229,RadioObservation,2->1,"condition=NORMAL, rssi=-39.303, snr=80.697, pdr=1.00"
1788859925.229,RadioObservation,2->3,"condition=NORMAL, rssi=-39.298, snr=80.702, pdr=1.00"
1788859925.229,RadioObservation,3->1,"condition=DEGRADED, rssi=-46.375, snr=73.625, pdr=0.80"
1788859925.229,RadioObservation,3->2,"condition=NORMAL, rssi=-39.298, snr=80.702, pdr=1.00"
1788859926.365,UAVStateChanged,uav_1,"role=Scout, x=0.0, y=0.0, z=0.0"
1788859926.365,UAVStateChanged,uav_2,"role=Relay, x=0.0, y=0.0, z=0.0"
1788859926.365,UAVStateChanged,uav_3,"role=Designator, x=0.0, y=0.0, z=0.0"
1788859926.365,RadioObservation,1->2,"condition=DEGRADED, rssi=-39.308, snr=80.692, pdr=0.80"
1788859926.365,RadioObservation,1->3,"condition=NORMAL, rssi=-46.375, snr=73.625, pdr=1.00"
1788859926.365,RadioObservation,2->1,"condition=NORMAL, rssi=-39.308, snr=80.692, pdr=1.00"
1788859926.365,RadioObservation,2->3,"condition=DEGRADED, rssi=-39.293, snr=80.707, pdr=0.80"
1788859926.365,RadioObservation,2->1,"condition=NORMAL, rssi=-39.308, snr=80.692, pdr=1.00"
1788859926.365,RadioObservation,1->3,"condition=NORMAL, rssi=-46.375, snr=73.625, pdr=1.00"
1788859926.365,RadioObservation,3->1,"condition=DEGRADED, rssi=-46.375, snr=73.625, pdr=0.80"
1788859926.365,RadioObservation,3->2,"condition=NORMAL, rssi=-39.293, snr=80.707, pdr=1.00"
1788859927.452,UAVStateChanged,uav_1,"role=Scout, x=0.0, y=0.0, z=0.0"
1788859927.452,UAVStateChanged,uav_2,"role=Relay, x=0.0, y=0.0, z=0.0"
1788859927.452,UAVStateChanged,uav_3,"role=Designator, x=0.0, y=0.0, z=0.0"
1788859927.452,RadioObservation,1->2,"condition=DEGRADED, rssi=-39.303, snr=80.697, pdr=0.80"
1788859927.452,RadioObservation,1->3,"condition=DEGRADED, rssi=-46.372, snr=73.628, pdr=0.83"
1788859927.452,TaskCreated,T001,RELAY created for target_1
1788859927.452,RadioObservation,1->3,"condition=NORMAL, rssi=-46.372, snr=73.628, pdr=0.86"
1788859927.452,RadioObservation,2->1,"condition=NORMAL, rssi=-39.303, snr=80.697, pdr=1.00"
1788859927.452,RadioObservation,2->3,"condition=DEGRADED, rssi=-39.293, snr=80.707, pdr=0.80"
1788859927.452,RadioObservation,3->1,"condition=DEGRADED, rssi=-46.372, snr=73.628, pdr=0.80"
1788859927.452,RadioObservation,3->2,"condition=NORMAL, rssi=-39.293, snr=80.707, pdr=1.00"
1788859928.555,UAVStateChanged,uav_1,"role=Scout, x=0.0, y=0.0, z=0.0"
1788859928.555,UAVStateChanged,uav_2,"role=Relay, x=0.0, y=0.0, z=0.0"
1788859928.555,UAVStateChanged,uav_3,"role=Designator, x=0.0, y=0.0, z=0.0"
1788859928.555,RadioObservation,1->2,"condition=DEGRADED, rssi=-39.317, snr=80.683, pdr=0.80"
1788859928.555,RadioObservation,1->3,"condition=NORMAL, rssi=-46.391, snr=73.609, pdr=0.86"
1788859928.555,RadioObservation,2->1,"condition=NORMAL, rssi=-39.317, snr=80.683, pdr=1.00"
1788859928.555,RadioObservation,2->3,"condition=DEGRADED, rssi=-39.317, snr=80.683, pdr=0.80"
1788859928.555,RadioObservation,3->1,"condition=DEGRADED, rssi=-46.391, snr=73.609, pdr=0.80"
1788859928.555,RadioObservation,3->2,"condition=NORMAL, rssi=-39.317, snr=80.683, pdr=1.00"
1788859929.617,UAVStateChanged,uav_1,"role=Scout, x=0.0, y=0.0, z=0.0"
1788859929.617,UAVStateChanged,uav_2,"role=Relay, x=0.0, y=0.0, z=0.0"
1788859929.617,UAVStateChanged,uav_3,"role=Designator, x=0.0, y=0.0, z=0.0"
1788859929.617,RadioObservation,1->2,"condition=DEGRADED, rssi=-39.303, snr=80.697, pdr=0.80"
1788859929.617,RadioObservation,1->3,"condition=NORMAL, rssi=-46.375, snr=73.625, pdr=0.86"
1788859929.617,RadioObservation,2->1,"condition=NORMAL, rssi=-39.303, snr=80.697, pdr=1.00"
1788859929.617,RadioObservation,2->3,"condition=DEGRADED, rssi=-39.298, snr=80.702, pdr=0.80"
1788859929.617,RadioObservation,3->1,"condition=NORMAL, rssi=-46.375, snr=73.625, pdr=1.00"
1788859929.617,RadioObservation,3->2,"condition=NORMAL, rssi=-39.298, snr=80.702, pdr=1.00"
1788859930.625,UAVStateChanged,uav_1,"role=Scout, x=0.0, y=0.0, z=0.0"
1788859930.625,UAVStateChanged,uav_2,"role=Relay, x=0.0, y=0.0, z=0.0"
1788859930.625,UAVStateChanged,uav_3,"role=Designator, x=0.0, y=0.0, z=0.0"
1788859930.625,RadioObservation,1->2,"condition=DEGRADED, rssi=-39.303, snr=80.697, pdr=0.80"
1788859930.625,RadioObservation,1->3,"condition=NORMAL, rssi=-46.377, snr=73.623, pdr=0.86"
1788859930.625,RadioObservation,2->1,"condition=NORMAL, rssi=-39.303, snr=80.697, pdr=1.00"
1788859930.625,RadioObservation,2->3,"condition=DEGRADED, rssi=-39.303, snr=80.697, pdr=0.80"
1788859930.625,RadioObservation,3->1,"condition=NORMAL, rssi=-46.377, snr=73.623, pdr=1.00"
1788859930.625,RadioObservation,3->2,"condition=NORMAL, rssi=-39.303, snr=80.697, pdr=1.00"
1788859931.659,UAVStateChanged,uav_1,"role=Scout, x=0.0, y=0.0, z=0.0"
1788859931.659,UAVStateChanged,uav_2,"role=Relay, x=0.0, y=0.0, z=0.0"
1788859931.659,UAVStateChanged,uav_3,"role=Designator, x=0.0, y=0.0, z=0.0"
1788859931.659,RadioObservation,1->2,"condition=DEGRADED, rssi=-39.303, snr=80.697, pdr=0.80"
1788859931.659,RadioObservation,1->3,"condition=NORMAL, rssi=-46.380, snr=73.620, pdr=0.86"
1788859931.659,RadioObservation,2->1,"condition=DEGRADED, rssi=-39.303, snr=80.697, pdr=0.80"
1788859931.659,RadioObservation,2->3,"condition=NORMAL, rssi=-39.308, snr=80.692, pdr=1.00"
1788859931.659,RadioObservation,3->1,"condition=NORMAL, rssi=-46.380, snr=73.620, pdr=1.00"
1788859931.659,RadioObservation,2->3,"condition=NORMAL, rssi=-39.308, snr=80.692, pdr=1.00"
1788859931.659,RadioObservation,3->1,"condition=NORMAL, rssi=-46.380, snr=73.620, pdr=1.00"
1788859931.659,RadioObservation,3->2,"condition=NORMAL, rssi=-39.308, snr=80.692, pdr=1.00"
1788859932.678,UAVStateChanged,uav_1,"role=Scout, x=0.0, y=0.0, z=0.0"
1788859932.678,UAVStateChanged,uav_2,"role=Relay, x=0.0, y=0.0, z=0.0"
1788859932.678,UAVStateChanged,uav_3,"role=Designator, x=0.0, y=0.0, z=0.0"
1788859932.678,RadioObservation,1->2,"condition=NORMAL, rssi=-39.303, snr=80.697, pdr=1.00"
1788859932.678,RadioObservation,1->3,"condition=NORMAL, rssi=-46.380, snr=73.620, pdr=1.00"
1788859932.678,RadioObservation,2->1,"condition=DEGRADED, rssi=-39.303, snr=80.697, pdr=0.80"
1788859932.678,RadioObservation,2->3,"condition=NORMAL, rssi=-39.308, snr=80.692, pdr=1.00"
1788859932.678,RadioObservation,3->1,"condition=DEGRADED, rssi=-46.380, snr=73.620, pdr=0.83"
1788859932.678,RadioObservation,3->2,"condition=NORMAL, rssi=-39.308, snr=80.692, pdr=1.00"
1788859932.678,RadioObservation,2->1,"condition=DEGRADED, rssi=-39.303, snr=80.697, pdr=0.80"
1788859932.678,RadioObservation,3->2,"condition=NORMAL, rssi=-39.308, snr=80.692, pdr=1.00"
1788859933.706,UAVStateChanged,uav_1,"role=Scout, x=0.0, y=0.0, z=0.0"
1788859933.706,UAVStateChanged,uav_2,"role=Relay, x=0.0, y=0.0, z=0.0"
1788859933.706,UAVStateChanged,uav_3,"role=Designator, x=0.0, y=0.0, z=0.0"
1788859933.706,RadioObservation,1->2,"condition=NORMAL, rssi=-39.308, snr=80.692, pdr=1.00"
1788859933.706,RadioObservation,1->3,"condition=NORMAL, rssi=-46.377, snr=73.623, pdr=1.00"
1788859933.706,RadioObservation,2->1,"condition=DEGRADED, rssi=-39.308, snr=80.692, pdr=0.67"
1788859933.706,RadioObservation,2->3,"condition=NORMAL, rssi=-39.298, snr=80.702, pdr=1.00"
1788859933.706,RadioObservation,3->1,"condition=DEGRADED, rssi=-46.377, snr=73.623, pdr=0.83"
1788859933.706,RadioObservation,2->3,"condition=NORMAL, rssi=-39.298, snr=80.702, pdr=1.00"
1788859933.706,RadioObservation,3->1,"condition=DEGRADED, rssi=-46.377, snr=73.623, pdr=0.83"
1788859933.706,RadioObservation,3->2,"condition=NORMAL, rssi=-39.298, snr=80.702, pdr=1.00"
1788859934.730,UAVStateChanged,uav_1,"role=Scout, x=0.0, y=0.0, z=0.0"
1788859934.730,UAVStateChanged,uav_2,"role=Relay, x=0.0, y=0.0, z=0.0"
1788859934.730,UAVStateChanged,uav_3,"role=Designator, x=0.0, y=0.0, z=0.0"
1788859934.730,RadioObservation,1->2,"condition=NORMAL, rssi=-39.303, snr=80.697, pdr=1.00"
1788859934.730,RadioObservation,1->3,"condition=NORMAL, rssi=-46.372, snr=73.628, pdr=1.00"
1788859934.730,RadioObservation,2->1,"condition=DEGRADED, rssi=-39.303, snr=80.697, pdr=0.40"
1788859934.730,RadioObservation,2->3,"condition=DEGRADED, rssi=-39.293, snr=80.707, pdr=0.83"
1788859934.730,RadioObservation,2->3,"condition=NORMAL, rssi=-39.293, snr=80.707, pdr=0.86"
1788859934.730,RadioObservation,3->1,"condition=DEGRADED, rssi=-46.372, snr=73.628, pdr=0.83"
1788859934.730,RadioObservation,3->2,"condition=NORMAL, rssi=-39.293, snr=80.707, pdr=1.00"
1788859936.183,UAVStateChanged,uav_1,"role=Scout, x=0.0, y=0.0, z=0.0"
1788859936.183,UAVStateChanged,uav_2,"role=Relay, x=0.0, y=0.0, z=0.0"
1788859936.183,UAVStateChanged,uav_3,"role=Designator, x=0.0, y=0.0, z=0.0"
1788859936.183,RadioObservation,1->2,"condition=NORMAL, rssi=-39.303, snr=80.697, pdr=1.00"
1788859936.183,RadioObservation,1->3,"condition=NORMAL, rssi=-46.369, snr=73.631, pdr=1.00"
1788859936.183,RadioObservation,2->1,"condition=DEGRADED, rssi=-39.303, snr=80.697, pdr=0.60"
1788859936.183,RadioObservation,2->3,"condition=DEGRADED, rssi=-39.288, snr=80.712, pdr=0.71"
1788859936.183,RadioObservation,2->1,"condition=DEGRADED, rssi=-39.303, snr=80.697, pdr=0.67"
1788859936.183,RadioObservation,1->3,"condition=NORMAL, rssi=-46.369, snr=73.631, pdr=1.00"
1788859936.183,RadioObservation,3->1,"condition=DEGRADED, rssi=-46.369, snr=73.631, pdr=0.60"
1788859936.183,RadioObservation,3->2,"condition=NORMAL, rssi=-39.288, snr=80.712, pdr=1.00"
1788859936.183,RadioObservation,2->1,"condition=DEGRADED, rssi=-39.303, snr=80.697, pdr=0.71"
1788859936.183,RadioObservation,3->2,"condition=NORMAL, rssi=-39.288, snr=80.712, pdr=1.00"
1788859937.286,UAVStateChanged,uav_1,"role=Scout, x=0.0, y=0.0, z=0.0"
1788859937.286,UAVStateChanged,uav_2,"role=Relay, x=0.0, y=0.0, z=0.0"
1788859937.286,UAVStateChanged,uav_3,"role=Designator, x=0.0, y=0.0, z=0.0"
1788859937.286,RadioObservation,1->2,"condition=NORMAL, rssi=-39.298, snr=80.702, pdr=1.00"
1788859937.286,RadioObservation,1->3,"condition=NORMAL, rssi=-46.364, snr=73.636, pdr=1.00"
1788859937.286,RadioObservation,2->1,"condition=DEGRADED, rssi=-39.298, snr=80.702, pdr=0.71"
1788859937.286,RadioObservation,2->3,"condition=DEGRADED, rssi=-39.282, snr=80.718, pdr=0.67"
1788859937.286,RadioObservation,3->1,"condition=DEGRADED, rssi=-46.364, snr=73.636, pdr=0.80"
1788859937.286,RadioObservation,3->2,"condition=NORMAL, rssi=-39.282, snr=80.718, pdr=1.00"
1788859938.422,UAVStateChanged,uav_1,"role=Scout, x=0.0, y=0.0, z=0.0"
1788859938.422,UAVStateChanged,uav_2,"role=Relay, x=0.0, y=0.0, z=0.0"
1788859938.422,UAVStateChanged,uav_3,"role=Designator, x=0.0, y=0.0, z=0.0"
1788859938.422,RadioObservation,1->2,"condition=NORMAL, rssi=-39.303, snr=80.697, pdr=1.00"
1788859938.422,RadioObservation,1->3,"condition=NORMAL, rssi=-46.364, snr=73.636, pdr=1.00"
1788859938.422,RadioObservation,2->1,"condition=DEGRADED, rssi=-39.303, snr=80.697, pdr=0.83"
1788859938.422,RadioObservation,2->3,"condition=DEGRADED, rssi=-39.277, snr=80.723, pdr=0.67"
1788859938.422,RadioObservation,3->1,"condition=DEGRADED, rssi=-46.364, snr=73.636, pdr=0.80"
1788859938.422,RadioObservation,3->2,"condition=NORMAL, rssi=-39.277, snr=80.723, pdr=1.00"
1788859938.422,RadioObservation,1->2,"condition=NORMAL, rssi=-39.303, snr=80.697, pdr=1.00"
1788859938.422,RadioObservation,1->3,"condition=DEGRADED, rssi=-46.364, snr=73.636, pdr=0.83"
1788859938.422,RadioObservation,1->2,"condition=NORMAL, rssi=-39.303, snr=80.697, pdr=1.00"
1788859938.422,RadioObservation,2->3,"condition=DEGRADED, rssi=-39.277, snr=80.723, pdr=0.67"
1788859938.422,RadioObservation,2->1,"condition=NORMAL, rssi=-39.303, snr=80.697, pdr=1.00"
1788859938.422,RadioObservation,2->3,"condition=DEGRADED, rssi=-39.277, snr=80.723, pdr=0.80"
1788859938.422,RadioObservation,3->1,"condition=DEGRADED, rssi=-46.364, snr=73.636, pdr=0.75"
1788859938.422,RadioObservation,3->2,"condition=NORMAL, rssi=-39.277, snr=80.723, pdr=1.00"
1788859939.585,UAVStateChanged,uav_1,"role=Scout, x=0.0, y=0.0, z=0.0"
1788859939.585,UAVStateChanged,uav_2,"role=Relay, x=0.0, y=0.0, z=0.0"
1788859939.585,UAVStateChanged,uav_3,"role=Designator, x=0.0, y=0.0, z=0.0"
1788859939.585,RadioObservation,1->2,"condition=NORMAL, rssi=-39.303, snr=80.697, pdr=1.00"
1788859939.585,RadioObservation,1->3,"condition=DEGRADED, rssi=-46.364, snr=73.636, pdr=0.80"
1788859939.585,RadioObservation,2->1,"condition=NORMAL, rssi=-39.303, snr=80.697, pdr=1.00"
1788859939.585,RadioObservation,2->3,"condition=NORMAL, rssi=-39.277, snr=80.723, pdr=1.00"
1788859939.585,RadioObservation,3->1,"condition=DEGRADED, rssi=-46.364, snr=73.636, pdr=0.80"
1788859939.585,RadioObservation,3->2,"condition=NORMAL, rssi=-39.277, snr=80.723, pdr=1.00"
1788859940.720,UAVStateChanged,uav_1,"role=Scout, x=0.0, y=0.0, z=0.0"
1788859940.720,UAVStateChanged,uav_2,"role=Relay, x=0.0, y=0.0, z=0.0"
1788859940.720,UAVStateChanged,uav_3,"role=Designator, x=0.0, y=0.0, z=0.0"
1788859940.720,RadioObservation,1->2,"condition=NORMAL, rssi=-39.298, snr=80.702, pdr=1.00"
1788859940.720,RadioObservation,1->3,"condition=DEGRADED, rssi=-46.364, snr=73.636, pdr=0.80"
1788859940.720,RadioObservation,2->1,"condition=NORMAL, rssi=-39.298, snr=80.702, pdr=1.00"
1788859940.720,RadioObservation,2->3,"condition=NORMAL, rssi=-39.283, snr=80.717, pdr=1.00"
1788859940.720,RadioObservation,3->1,"condition=NORMAL, rssi=-46.364, snr=73.636, pdr=1.00"
1788859940.720,RadioObservation,3->2,"condition=NORMAL, rssi=-39.283, snr=80.717, pdr=1.00"
1788859941.786,UAVStateChanged,uav_1,"role=Scout, x=0.0, y=0.0, z=0.0"
1788859941.786,UAVStateChanged,uav_2,"role=Relay, x=0.0, y=0.0, z=0.0"
1788859941.786,UAVStateChanged,uav_3,"role=Designator, x=0.0, y=0.0, z=0.0"
1788859941.786,RadioObservation,1->2,"condition=NORMAL, rssi=-39.288, snr=80.712, pdr=1.00"
1788859941.786,RadioObservation,1->3,"condition=DEGRADED, rssi=-46.359, snr=73.641, pdr=0.80"
1788859941.786,RadioObservation,2->1,"condition=NORMAL, rssi=-39.288, snr=80.712, pdr=1.00"
1788859941.786,RadioObservation,2->3,"condition=NORMAL, rssi=-39.282, snr=80.718, pdr=1.00"
1788859941.786,RadioObservation,3->1,"condition=NORMAL, rssi=-46.359, snr=73.641, pdr=1.00"
1788859941.786,RadioObservation,3->2,"condition=NORMAL, rssi=-39.282, snr=80.718, pdr=1.00"
1788859942.840,UAVStateChanged,uav_1,"role=Scout, x=0.0, y=0.0, z=0.0"
1788859942.840,UAVStateChanged,uav_2,"role=Relay, x=0.0, y=0.0, z=0.0"
1788859942.840,UAVStateChanged,uav_3,"role=Designator, x=0.0, y=0.0, z=0.0"
1788859942.840,RadioObservation,1->2,"condition=NORMAL, rssi=-39.288, snr=80.712, pdr=1.00"
1788859942.840,RadioObservation,1->3,"condition=DEGRADED, rssi=-46.357, snr=73.643, pdr=0.80"
1788859942.840,RadioObservation,2->1,"condition=NORMAL, rssi=-39.288, snr=80.712, pdr=1.00"
1788859942.840,RadioObservation,2->3,"condition=NORMAL, rssi=-39.278, snr=80.722, pdr=1.00"
1788859942.840,RadioObservation,3->1,"condition=NORMAL, rssi=-46.357, snr=73.643, pdr=1.00"
1788859942.840,RadioObservation,3->2,"condition=NORMAL, rssi=-39.278, snr=80.722, pdr=1.00"
1788859943.912,UAVStateChanged,uav_1,"role=Scout, x=0.0, y=0.0, z=0.0"
1788859943.912,UAVStateChanged,uav_2,"role=Relay, x=0.0, y=0.0, z=0.0"
1788859943.912,UAVStateChanged,uav_3,"role=Designator, x=0.0, y=0.0, z=0.0"
1788859943.912,RadioObservation,1->2,"condition=NORMAL, rssi=-39.288, snr=80.712, pdr=1.00"
1788859943.912,RadioObservation,1->3,"condition=NORMAL, rssi=-46.359, snr=73.641, pdr=1.00"
1788859943.912,RadioObservation,2->1,"condition=NORMAL, rssi=-39.288, snr=80.712, pdr=1.00"
1788859943.912,RadioObservation,2->3,"condition=NORMAL, rssi=-39.283, snr=80.717, pdr=1.00"
1788859943.912,RadioObservation,3->1,"condition=NORMAL, rssi=-46.359, snr=73.641, pdr=1.00"
1788859943.912,RadioObservation,3->2,"condition=NORMAL, rssi=-39.283, snr=80.717, pdr=1.00"
1788859944.969,UAVStateChanged,uav_1,"role=Scout, x=0.0, y=0.0, z=0.0"
1788859944.969,UAVStateChanged,uav_2,"role=Relay, x=0.0, y=0.0, z=0.0"
1788859944.969,UAVStateChanged,uav_3,"role=Designator, x=0.0, y=0.0, z=0.0"
1788859944.969,RadioObservation,1->2,"condition=NORMAL, rssi=-39.288, snr=80.712, pdr=1.00"
1788859944.969,RadioObservation,1->3,"condition=NORMAL, rssi=-46.362, snr=73.638, pdr=1.00"
1788859944.969,RadioObservation,2->1,"condition=NORMAL, rssi=-39.288, snr=80.712, pdr=1.00"
1788859944.969,RadioObservation,2->3,"condition=NORMAL, rssi=-39.288, snr=80.712, pdr=1.00"
1788859944.969,RadioObservation,3->1,"condition=NORMAL, rssi=-46.362, snr=73.638, pdr=1.00"
1788859944.969,RadioObservation,3->2,"condition=NORMAL, rssi=-39.288, snr=80.712, pdr=1.00"
1788859946.034,UAVStateChanged,uav_1,"role=Scout, x=0.0, y=0.0, z=0.0"
1788859946.034,UAVStateChanged,uav_2,"role=Relay, x=0.0, y=0.0, z=0.0"
1788859946.034,UAVStateChanged,uav_3,"role=Designator, x=0.0, y=0.0, z=0.0"
1788859946.034,RadioObservation,1->2,"condition=NORMAL, rssi=-39.288, snr=80.712, pdr=1.00"
1788859946.034,RadioObservation,1->3,"condition=NORMAL, rssi=-46.362, snr=73.638, pdr=1.00"
1788859946.034,RadioObservation,2->1,"condition=NORMAL, rssi=-39.288, snr=80.712, pdr=1.00"
1788859946.034,RadioObservation,2->3,"condition=DEGRADED, rssi=-39.288, snr=80.712, pdr=0.80"
1788859946.034,RadioObservation,2->1,"condition=NORMAL, rssi=-39.288, snr=80.712, pdr=1.00"
1788859946.034,RadioObservation,1->3,"condition=DEGRADED, rssi=-46.362, snr=73.638, pdr=0.83"
1788859946.034,RadioObservation,3->1,"condition=DEGRADED, rssi=-46.362, snr=73.638, pdr=0.80"
1788859946.034,RadioObservation,3->2,"condition=DEGRADED, rssi=-39.288, snr=80.712, pdr=0.80"
1788859946.034,RadioObservation,3->2,"condition=DEGRADED, rssi=-39.288, snr=80.712, pdr=0.67"
1788859946.034,RadioObservation,3->1,"condition=DEGRADED, rssi=-46.362, snr=73.638, pdr=0.83"
1788859946.034,RadioObservation,1->2,"condition=NORMAL, rssi=-39.288, snr=80.712, pdr=1.00"
1788859947.079,UAVStateChanged,uav_1,"role=Scout, x=0.0, y=0.0, z=0.0"
1788859947.079,UAVStateChanged,uav_2,"role=Relay, x=0.0, y=0.0, z=0.0"
1788859947.079,UAVStateChanged,uav_3,"role=Designator, x=0.0, y=0.0, z=0.0"
1788859947.079,RadioObservation,1->2,"condition=NORMAL, rssi=-39.288, snr=80.712, pdr=1.00"
1788859947.079,RadioObservation,1->3,"condition=DEGRADED, rssi=-46.364, snr=73.636, pdr=0.83"
1788859947.079,RadioObservation,2->1,"condition=NORMAL, rssi=-39.288, snr=80.712, pdr=1.00"
1788859947.079,RadioObservation,2->3,"condition=DEGRADED, rssi=-39.293, snr=80.707, pdr=0.80"
1788859947.079,RadioObservation,3->1,"condition=DEGRADED, rssi=-46.364, snr=73.636, pdr=0.83"
1788859947.079,RadioObservation,3->2,"condition=DEGRADED, rssi=-39.293, snr=80.707, pdr=0.67"
1788859948.145,UAVStateChanged,uav_1,"role=Scout, x=0.0, y=0.0, z=0.0"
1788859948.145,UAVStateChanged,uav_2,"role=Relay, x=0.0, y=0.0, z=0.0"
1788859948.145,UAVStateChanged,uav_3,"role=Designator, x=0.0, y=0.0, z=0.0"
1788859948.145,RadioObservation,1->2,"condition=NORMAL, rssi=-39.293, snr=80.707, pdr=1.00"
1788859948.145,RadioObservation,1->3,"condition=DEGRADED, rssi=-46.362, snr=73.638, pdr=0.83"
1788859948.145,RadioObservation,2->1,"condition=NORMAL, rssi=-39.293, snr=80.707, pdr=1.00"
1788859948.145,RadioObservation,2->3,"condition=DEGRADED, rssi=-39.283, snr=80.717, pdr=0.80"
1788859948.145,RadioObservation,3->1,"condition=DEGRADED, rssi=-46.362, snr=73.638, pdr=0.83"
1788859948.145,RadioObservation,3->2,"condition=DEGRADED, rssi=-39.283, snr=80.717, pdr=0.67"
1788859949.174,UAVStateChanged,uav_1,"role=Scout, x=0.0, y=0.0, z=0.0"
1788859949.174,UAVStateChanged,uav_2,"role=Relay, x=0.0, y=0.0, z=0.0"
1788859949.174,UAVStateChanged,uav_3,"role=Designator, x=0.0, y=0.0, z=0.0"
1788859949.174,RadioObservation,1->2,"condition=NORMAL, rssi=-39.293, snr=80.707, pdr=1.00"
1788859949.174,RadioObservation,1->3,"condition=DEGRADED, rssi=-46.362, snr=73.638, pdr=0.67"
1788859949.174,RadioObservation,1->2,"condition=NORMAL, rssi=-39.293, snr=80.707, pdr=1.00"
1788859949.174,RadioObservation,2->3,"condition=DEGRADED, rssi=-39.283, snr=80.717, pdr=0.80"
1788859949.174,RadioObservation,2->1,"condition=NORMAL, rssi=-39.293, snr=80.707, pdr=1.00"
1788859949.174,RadioObservation,2->3,"condition=DEGRADED, rssi=-39.283, snr=80.717, pdr=0.80"
1788859949.174,RadioObservation,3->1,"condition=DEGRADED, rssi=-46.362, snr=73.638, pdr=0.80"
1788859949.174,RadioObservation,3->2,"condition=DEGRADED, rssi=-39.283, snr=80.717, pdr=0.60"
1788859950.221,UAVStateChanged,uav_1,"role=Scout, x=0.0, y=0.0, z=0.0"
1788859950.221,UAVStateChanged,uav_2,"role=Relay, x=0.0, y=0.0, z=0.0"
1788859950.221,UAVStateChanged,uav_3,"role=Designator, x=0.0, y=0.0, z=0.0"
1788859950.221,RadioObservation,1->2,"condition=NORMAL, rssi=-39.283, snr=80.717, pdr=1.00"
1788859950.221,RadioObservation,1->3,"condition=DEGRADED, rssi=-46.359, snr=73.641, pdr=0.60"
1788859950.221,RadioObservation,2->1,"condition=NORMAL, rssi=-39.283, snr=80.717, pdr=1.00"
1788859950.221,RadioObservation,2->3,"condition=NORMAL, rssi=-39.288, snr=80.712, pdr=1.00"
1788859950.221,RadioObservation,3->1,"condition=DEGRADED, rssi=-46.359, snr=73.641, pdr=0.83"
1788859950.221,RadioObservation,3->2,"condition=DEGRADED, rssi=-39.288, snr=80.712, pdr=0.67"
1788859951.275,UAVStateChanged,uav_1,"role=Scout, x=0.0, y=0.0, z=0.0"
1788859951.275,UAVStateChanged,uav_2,"role=Relay, x=0.0, y=0.0, z=0.0"
1788859951.275,UAVStateChanged,uav_3,"role=Designator, x=0.0, y=0.0, z=0.0"
1788859951.275,RadioObservation,1->2,"condition=NORMAL, rssi=-39.272, snr=80.728, pdr=1.00"
1788859951.275,RadioObservation,1->3,"condition=DEGRADED, rssi=-46.359, snr=73.641, pdr=0.80"
1788859951.275,RadioObservation,2->1,"condition=NORMAL, rssi=-39.272, snr=80.728, pdr=1.00"
1788859951.275,RadioObservation,2->3,"condition=NORMAL, rssi=-39.298, snr=80.702, pdr=1.00"
1788859951.275,RadioObservation,3->1,"condition=NORMAL, rssi=-46.359, snr=73.641, pdr=1.00"
1788859951.275,RadioObservation,3->2,"condition=NORMAL, rssi=-39.298, snr=80.702, pdr=1.00"
1788859952.305,UAVStateChanged,uav_1,"role=Scout, x=0.0, y=0.0, z=0.0"
1788859952.305,UAVStateChanged,uav_2,"role=Relay, x=0.0, y=0.0, z=0.0"
1788859952.305,UAVStateChanged,uav_3,"role=Designator, x=0.0, y=0.0, z=0.0"
1788859952.305,RadioObservation,1->2,"condition=NORMAL, rssi=-39.272, snr=80.728, pdr=1.00"
1788859952.305,RadioObservation,1->3,"condition=DEGRADED, rssi=-46.362, snr=73.638, pdr=0.80"
1788859952.305,RadioObservation,2->1,"condition=NORMAL, rssi=-39.272, snr=80.728, pdr=1.00"
1788859952.305,RadioObservation,2->3,"condition=NORMAL, rssi=-39.303, snr=80.697, pdr=1.00"
1788859952.305,RadioObservation,3->1,"condition=NORMAL, rssi=-46.362, snr=73.638, pdr=1.00"
1788859952.305,RadioObservation,3->2,"condition=NORMAL, rssi=-39.303, snr=80.697, pdr=1.00"
1788859953.327,UAVStateChanged,uav_1,"role=Scout, x=0.0, y=0.0, z=0.0"
1788859953.327,UAVStateChanged,uav_2,"role=Relay, x=0.0, y=0.0, z=0.0"
1788859953.327,UAVStateChanged,uav_3,"role=Designator, x=0.0, y=0.0, z=0.0"
1788859953.327,RadioObservation,1->2,"condition=NORMAL, rssi=-39.288, snr=80.712, pdr=1.00"
1788859953.327,RadioObservation,1->3,"condition=DEGRADED, rssi=-46.372, snr=73.628, pdr=0.80"
1788859953.327,RadioObservation,2->1,"condition=NORMAL, rssi=-39.288, snr=80.712, pdr=1.00"
1788859953.327,RadioObservation,2->3,"condition=NORMAL, rssi=-39.308, snr=80.692, pdr=1.00"
1788859953.327,RadioObservation,3->1,"condition=NORMAL, rssi=-46.372, snr=73.628, pdr=1.00"
1788859953.327,RadioObservation,3->2,"condition=NORMAL, rssi=-39.308, snr=80.692, pdr=1.00"
1788859954.356,UAVStateChanged,uav_1,"role=Scout, x=0.0, y=0.0, z=0.0"
1788859954.356,UAVStateChanged,uav_2,"role=Relay, x=0.0, y=0.0, z=0.0"
1788859954.356,UAVStateChanged,uav_3,"role=Designator, x=0.0, y=0.0, z=0.0"
1788859954.356,RadioObservation,1->2,"condition=NORMAL, rssi=-39.306, snr=80.694, pdr=1.00"
1788859954.356,RadioObservation,1->3,"condition=NORMAL, rssi=-46.377, snr=73.623, pdr=1.00"
1788859954.356,RadioObservation,2->1,"condition=NORMAL, rssi=-39.306, snr=80.694, pdr=1.00"
1788859954.356,RadioObservation,2->3,"condition=NORMAL, rssi=-39.299, snr=80.701, pdr=1.00"
1788859954.356,RadioObservation,3->1,"condition=NORMAL, rssi=-46.377, snr=73.623, pdr=1.00"
1788859954.356,RadioObservation,3->2,"condition=NORMAL, rssi=-39.299, snr=80.701, pdr=1.00"
1788859955.379,UAVStateChanged,uav_1,"role=Scout, x=0.0, y=0.0, z=0.0"
1788859955.379,UAVStateChanged,uav_2,"role=Relay, x=0.0, y=0.0, z=0.0"
1788859955.379,UAVStateChanged,uav_3,"role=Designator, x=0.0, y=0.0, z=0.0"
1788859955.379,RadioObservation,1->2,"condition=NORMAL, rssi=-39.328, snr=80.672, pdr=1.00"
1788859955.379,RadioObservation,1->3,"condition=NORMAL, rssi=-46.387, snr=73.613, pdr=1.00"
1788859955.379,RadioObservation,2->1,"condition=NORMAL, rssi=-39.328, snr=80.672, pdr=1.00"
1788859955.379,RadioObservation,2->3,"condition=NORMAL, rssi=-39.297, snr=80.703, pdr=1.00"
1788859955.379,RadioObservation,3->1,"condition=NORMAL, rssi=-46.387, snr=73.613, pdr=1.00"
1788859955.379,RadioObservation,3->2,"condition=NORMAL, rssi=-39.297, snr=80.703, pdr=1.00"
1788859956.408,UAVStateChanged,uav_1,"role=Scout, x=0.0, y=0.0, z=0.0"
1788859956.408,UAVStateChanged,uav_2,"role=Relay, x=0.0, y=0.0, z=0.0"
1788859956.408,UAVStateChanged,uav_3,"role=Designator, x=0.0, y=0.0, z=0.0"
1788859956.408,RadioObservation,1->2,"condition=NORMAL, rssi=-39.329, snr=80.671, pdr=1.00"
1788859956.408,RadioObservation,1->3,"condition=NORMAL, rssi=-46.385, snr=73.615, pdr=1.00"
1788859956.408,RadioObservation,2->1,"condition=NORMAL, rssi=-39.329, snr=80.671, pdr=1.00"
1788859956.408,RadioObservation,2->3,"condition=NORMAL, rssi=-39.292, snr=80.708, pdr=1.00"
1788859956.408,RadioObservation,3->1,"condition=NORMAL, rssi=-46.385, snr=73.615, pdr=1.00"
1788859956.408,RadioObservation,3->2,"condition=NORMAL, rssi=-39.292, snr=80.708, pdr=1.00"
1788859957.444,UAVStateChanged,uav_1,"role=Scout, x=0.0, y=0.0, z=0.0"
1788859957.444,UAVStateChanged,uav_2,"role=Relay, x=0.0, y=0.0, z=0.0"
1788859957.444,UAVStateChanged,uav_3,"role=Designator, x=0.0, y=0.0, z=0.0"
1788859957.444,RadioObservation,1->2,"condition=NORMAL, rssi=-39.309, snr=80.691, pdr=1.00"
1788859957.444,RadioObservation,1->3,"condition=NORMAL, rssi=-46.377, snr=73.623, pdr=1.00"
1788859957.444,RadioObservation,2->1,"condition=NORMAL, rssi=-39.309, snr=80.691, pdr=1.00"
1788859957.444,RadioObservation,2->3,"condition=NORMAL, rssi=-39.297, snr=80.703, pdr=1.00"
1788859957.444,RadioObservation,3->1,"condition=NORMAL, rssi=-46.377, snr=73.623, pdr=1.00"
1788859957.444,RadioObservation,3->2,"condition=NORMAL, rssi=-39.297, snr=80.703, pdr=1.00"
1788859958.511,UAVStateChanged,uav_1,"role=Scout, x=0.0, y=0.0, z=0.0"
1788859958.511,UAVStateChanged,uav_2,"role=Relay, x=0.0, y=0.0, z=0.0"
1788859958.511,UAVStateChanged,uav_3,"role=Designator, x=0.0, y=0.0, z=0.0"
1788859958.511,RadioObservation,1->2,"condition=NORMAL, rssi=-39.299, snr=80.701, pdr=1.00"
1788859958.511,RadioObservation,1->3,"condition=NORMAL, rssi=-46.376, snr=73.624, pdr=1.00"
1788859958.511,RadioObservation,2->1,"condition=NORMAL, rssi=-39.299, snr=80.701, pdr=1.00"
1788859958.511,RadioObservation,2->3,"condition=NORMAL, rssi=-39.303, snr=80.697, pdr=1.00"
1788859958.511,RadioObservation,3->1,"condition=NORMAL, rssi=-46.376, snr=73.624, pdr=1.00"
1788859958.511,RadioObservation,3->2,"condition=NORMAL, rssi=-39.303, snr=80.697, pdr=1.00"
1788859959.559,UAVStateChanged,uav_1,"role=Scout, x=0.0, y=0.0, z=0.0"
1788859959.559,UAVStateChanged,uav_2,"role=Relay, x=0.0, y=0.0, z=0.0"
1788859959.559,UAVStateChanged,uav_3,"role=Designator, x=0.0, y=0.0, z=0.0"
1788859959.559,RadioObservation,1->2,"condition=NORMAL, rssi=-39.285, snr=80.715, pdr=1.00"
1788859959.559,RadioObservation,1->3,"condition=NORMAL, rssi=-46.371, snr=73.629, pdr=1.00"
1788859959.559,RadioObservation,2->1,"condition=NORMAL, rssi=-39.285, snr=80.715, pdr=1.00"
1788859959.559,RadioObservation,2->3,"condition=NORMAL, rssi=-39.309, snr=80.691, pdr=1.00"
1788859959.559,RadioObservation,3->1,"condition=NORMAL, rssi=-46.371, snr=73.629, pdr=1.00"
1788859959.559,RadioObservation,3->2,"condition=DEGRADED, rssi=-39.309, snr=80.691, pdr=0.80"
1788859959.559,RadioObservation,3->1,"condition=NORMAL, rssi=-46.371, snr=73.629, pdr=1.00"
1788859959.559,RadioObservation,1->2,"condition=NORMAL, rssi=-39.285, snr=80.715, pdr=1.00"
1788859960.590,UAVStateChanged,uav_1,"role=Scout, x=0.0, y=0.0, z=0.0"
1788859960.590,UAVStateChanged,uav_2,"role=Relay, x=0.0, y=0.0, z=0.0"
1788859960.590,UAVStateChanged,uav_3,"role=Designator, x=0.0, y=0.0, z=0.0"
1788859960.590,RadioObservation,1->2,"condition=DEGRADED, rssi=-39.280, snr=80.720, pdr=0.83"
1788859960.590,RadioObservation,1->3,"condition=NORMAL, rssi=-46.363, snr=73.637, pdr=1.00"
1788859960.590,RadioObservation,3->2,"condition=DEGRADED, rssi=-39.298, snr=80.702, pdr=0.83"
1788859960.590,RadioObservation,1->3,"condition=NORMAL, rssi=-46.363, snr=73.637, pdr=1.00"
1788859960.590,RadioObservation,2->1,"condition=NORMAL, rssi=-39.280, snr=80.720, pdr=1.00"
1788859960.590,RadioObservation,2->3,"condition=NORMAL, rssi=-39.298, snr=80.702, pdr=1.00"
1788859960.590,RadioObservation,3->1,"condition=NORMAL, rssi=-46.363, snr=73.637, pdr=1.00"
1788859960.590,RadioObservation,3->2,"condition=DEGRADED, rssi=-39.298, snr=80.702, pdr=0.83"
1788859961.627,UAVStateChanged,uav_1,"role=Scout, x=0.0, y=0.0, z=0.0"
1788859961.627,UAVStateChanged,uav_2,"role=Relay, x=0.0, y=0.0, z=0.0"
1788859961.627,UAVStateChanged,uav_3,"role=Designator, x=0.0, y=0.0, z=0.0"
1788859961.627,RadioObservation,1->2,"condition=DEGRADED, rssi=-39.291, snr=80.709, pdr=0.83"
1788859961.627,RadioObservation,1->3,"condition=NORMAL, rssi=-46.362, snr=73.638, pdr=1.00"
1788859961.627,RadioObservation,2->1,"condition=DEGRADED, rssi=-39.291, snr=80.709, pdr=0.80"
1788859961.627,RadioObservation,2->3,"condition=NORMAL, rssi=-39.285, snr=80.715, pdr=1.00"
1788859961.627,RadioObservation,3->1,"condition=NORMAL, rssi=-46.362, snr=73.638, pdr=1.00"
1788859961.627,RadioObservation,2->3,"condition=NORMAL, rssi=-39.285, snr=80.715, pdr=1.00"
1788859961.627,RadioObservation,3->1,"condition=NORMAL, rssi=-46.362, snr=73.638, pdr=1.00"
1788859961.627,RadioObservation,3->2,"condition=DEGRADED, rssi=-39.285, snr=80.715, pdr=0.80"
1788859962.661,UAVStateChanged,uav_1,"role=Scout, x=0.0, y=0.0, z=0.0"
1788859962.661,UAVStateChanged,uav_2,"role=Relay, x=0.0, y=0.0, z=0.0"
1788859962.661,UAVStateChanged,uav_3,"role=Designator, x=0.0, y=0.0, z=0.0"
1788859962.661,RadioObservation,1->2,"condition=DEGRADED, rssi=-39.297, snr=80.703, pdr=0.80"
1788859962.661,RadioObservation,1->3,"condition=NORMAL, rssi=-46.365, snr=73.635, pdr=1.00"
1788859962.661,RadioObservation,2->1,"condition=DEGRADED, rssi=-39.297, snr=80.703, pdr=0.75"
1788859962.661,RadioObservation,2->3,"condition=NORMAL, rssi=-39.285, snr=80.715, pdr=1.00"
1788859962.661,RadioObservation,3->1,"condition=NORMAL, rssi=-46.365, snr=73.635, pdr=1.00"
1788859962.661,RadioObservation,3->2,"condition=DEGRADED, rssi=-39.285, snr=80.715, pdr=0.80"
1788859963.719,UAVStateChanged,uav_1,"role=Scout, x=0.0, y=0.0, z=0.0"
1788859963.719,UAVStateChanged,uav_2,"role=Relay, x=0.0, y=0.0, z=0.0"
1788859963.719,UAVStateChanged,uav_3,"role=Designator, x=0.0, y=0.0, z=0.0"
1788859963.719,RadioObservation,1->2,"condition=DEGRADED, rssi=-39.302, snr=80.698, pdr=0.80"
1788859963.719,RadioObservation,1->3,"condition=NORMAL, rssi=-46.370, snr=73.630, pdr=1.00"
1788859963.719,RadioObservation,2->1,"condition=DEGRADED, rssi=-39.302, snr=80.698, pdr=0.75"
1788859963.719,RadioObservation,2->3,"condition=NORMAL, rssi=-39.291, snr=80.709, pdr=1.00"
1788859963.719,RadioObservation,3->1,"condition=NORMAL, rssi=-46.370, snr=73.630, pdr=1.00"
1788859963.719,RadioObservation,3->2,"condition=NORMAL, rssi=-39.291, snr=80.709, pdr=1.00"
1788859964.758,UAVStateChanged,uav_1,"role=Scout, x=0.0, y=0.0, z=0.0"
1788859964.758,UAVStateChanged,uav_2,"role=Relay, x=0.0, y=0.0, z=0.0"
1788859964.758,UAVStateChanged,uav_3,"role=Designator, x=0.0, y=0.0, z=0.0"
1788859964.758,RadioObservation,1->2,"condition=DEGRADED, rssi=-39.303, snr=80.697, pdr=0.83"
1788859964.758,RadioObservation,1->3,"condition=NORMAL, rssi=-46.370, snr=73.630, pdr=1.00"
1788859964.758,RadioObservation,2->1,"condition=DEGRADED, rssi=-39.303, snr=80.697, pdr=0.80"
1788859964.758,RadioObservation,2->3,"condition=NORMAL, rssi=-39.289, snr=80.711, pdr=1.00"
1788859964.758,RadioObservation,3->1,"condition=NORMAL, rssi=-46.370, snr=73.630, pdr=1.00"
1788859964.758,RadioObservation,3->2,"condition=NORMAL, rssi=-39.289, snr=80.711, pdr=1.00"
1788859965.771,UAVStateChanged,uav_1,"role=Scout, x=0.0, y=0.0, z=0.0"
1788859965.771,UAVStateChanged,uav_2,"role=Relay, x=0.0, y=0.0, z=0.0"
1788859965.771,UAVStateChanged,uav_3,"role=Designator, x=0.0, y=0.0, z=0.0"
1788859965.771,RadioObservation,1->2,"condition=NORMAL, rssi=-39.304, snr=80.696, pdr=1.00"
1788859965.771,RadioObservation,1->3,"condition=NORMAL, rssi=-46.364, snr=73.636, pdr=1.00"
1788859965.771,RadioObservation,2->1,"condition=DEGRADED, rssi=-39.304, snr=80.696, pdr=0.80"
1788859965.771,RadioObservation,2->3,"condition=NORMAL, rssi=-39.279, snr=80.721, pdr=1.00"
1788859965.771,RadioObservation,3->1,"condition=NORMAL, rssi=-46.364, snr=73.636, pdr=1.00"
1788859965.771,RadioObservation,3->2,"condition=NORMAL, rssi=-39.279, snr=80.721, pdr=1.00"
1788859966.796,UAVStateChanged,uav_1,"role=Scout, x=0.0, y=0.0, z=0.0"
1788859966.796,UAVStateChanged,uav_2,"role=Relay, x=0.0, y=0.0, z=0.0"
1788859966.796,UAVStateChanged,uav_3,"role=Designator, x=0.0, y=0.0, z=0.0"
1788859966.796,RadioObservation,1->2,"condition=NORMAL, rssi=-39.303, snr=80.697, pdr=1.00"
1788859966.796,RadioObservation,1->3,"condition=NORMAL, rssi=-46.364, snr=73.636, pdr=1.00"
1788859966.796,RadioObservation,2->1,"condition=NORMAL, rssi=-39.303, snr=80.697, pdr=1.00"
1788859966.796,RadioObservation,2->3,"condition=NORMAL, rssi=-39.281, snr=80.719, pdr=1.00"
1788859966.796,RadioObservation,3->1,"condition=NORMAL, rssi=-46.364, snr=73.636, pdr=1.00"
1788859966.796,RadioObservation,3->2,"condition=NORMAL, rssi=-39.281, snr=80.719, pdr=1.00"
1788859967.826,UAVStateChanged,uav_1,"role=Scout, x=0.0, y=0.0, z=0.0"
1788859967.826,UAVStateChanged,uav_2,"role=Relay, x=0.0, y=0.0, z=0.0"
1788859967.826,UAVStateChanged,uav_3,"role=Designator, x=0.0, y=0.0, z=0.0"
1788859967.826,RadioObservation,1->2,"condition=NORMAL, rssi=-39.307, snr=80.693, pdr=1.00"
1788859967.826,RadioObservation,1->3,"condition=NORMAL, rssi=-46.370, snr=73.630, pdr=1.00"
1788859967.826,RadioObservation,2->1,"condition=NORMAL, rssi=-39.307, snr=80.693, pdr=1.00"
1788859967.826,RadioObservation,2->3,"condition=NORMAL, rssi=-39.298, snr=80.702, pdr=1.00"
1788859967.826,RadioObservation,3->1,"condition=NORMAL, rssi=-46.370, snr=73.630, pdr=1.00"
1788859967.826,RadioObservation,3->2,"condition=NORMAL, rssi=-39.298, snr=80.702, pdr=1.00"
1788859968.887,UAVStateChanged,uav_1,"role=Scout, x=0.0, y=0.0, z=0.0"
1788859968.887,UAVStateChanged,uav_2,"role=Relay, x=0.0, y=0.0, z=0.0"
1788859968.887,UAVStateChanged,uav_3,"role=Designator, x=0.0, y=0.0, z=0.0"
1788859968.887,RadioObservation,1->2,"condition=DEGRADED, rssi=-39.334, snr=80.666, pdr=0.80"
1788859968.887,RadioObservation,1->3,"condition=NORMAL, rssi=-46.373, snr=73.627, pdr=1.00"
1788859968.887,RadioObservation,3->2,"condition=NORMAL, rssi=-39.299, snr=80.701, pdr=1.00"
1788859968.887,RadioObservation,1->3,"condition=NORMAL, rssi=-46.373, snr=73.627, pdr=1.00"
1788859968.887,RadioObservation,2->1,"condition=NORMAL, rssi=-39.334, snr=80.666, pdr=1.00"
1788859968.887,RadioObservation,2->3,"condition=DEGRADED, rssi=-39.299, snr=80.701, pdr=0.80"
1788859968.887,RadioObservation,2->1,"condition=NORMAL, rssi=-39.334, snr=80.666, pdr=1.00"
1788859968.887,RadioObservation,1->3,"condition=NORMAL, rssi=-46.373, snr=73.627, pdr=1.00"
1788859968.887,RadioObservation,3->1,"condition=NORMAL, rssi=-46.373, snr=73.627, pdr=1.00"
1788859968.887,RadioObservation,3->2,"condition=NORMAL, rssi=-39.299, snr=80.701, pdr=1.00"
1788859969.930,UAVStateChanged,uav_1,"role=Scout, x=0.0, y=0.0, z=0.0"
1788859969.930,UAVStateChanged,uav_2,"role=Relay, x=0.0, y=0.0, z=0.0"
1788859969.930,UAVStateChanged,uav_3,"role=Designator, x=0.0, y=0.0, z=0.0"
1788859969.930,RadioObservation,1->2,"condition=DEGRADED, rssi=-39.359, snr=80.641, pdr=0.80"
1788859969.930,RadioObservation,1->3,"condition=NORMAL, rssi=-46.378, snr=73.622, pdr=0.86"
1788859969.930,RadioObservation,1->2,"condition=DEGRADED, rssi=-39.359, snr=80.641, pdr=0.80"
1788859969.930,RadioObservation,2->3,"condition=DEGRADED, rssi=-39.301, snr=80.699, pdr=0.80"
1788859969.930,RadioObservation,2->1,"condition=NORMAL, rssi=-39.359, snr=80.641, pdr=1.00"
1788859969.930,RadioObservation,2->3,"condition=DEGRADED, rssi=-39.301, snr=80.699, pdr=0.80"
1788859969.930,RadioObservation,3->1,"condition=DEGRADED, rssi=-46.378, snr=73.622, pdr=0.75"
1788859969.930,RadioObservation,3->2,"condition=NORMAL, rssi=-39.301, snr=80.699, pdr=1.00"
1788859969.930,RadioObservation,2->1,"condition=NORMAL, rssi=-39.359, snr=80.641, pdr=1.00"
1788859969.930,RadioObservation,3->2,"condition=NORMAL, rssi=-39.301, snr=80.699, pdr=1.00"
1788859970.954,UAVStateChanged,uav_1,"role=Scout, x=0.0, y=0.0, z=0.0"
1788859970.954,UAVStateChanged,uav_2,"role=Relay, x=0.0, y=0.0, z=0.0"
1788859970.954,UAVStateChanged,uav_3,"role=Designator, x=0.0, y=0.0, z=0.0"
1788859970.954,RadioObservation,1->2,"condition=DEGRADED, rssi=-39.397, snr=80.603, pdr=0.80"
1788859970.954,RadioObservation,1->3,"condition=DEGRADED, rssi=-46.374, snr=73.626, pdr=0.67"
1788859970.954,RadioObservation,1->2,"condition=DEGRADED, rssi=-39.397, snr=80.603, pdr=0.83"
1788859970.954,RadioObservation,2->3,"condition=DEGRADED, rssi=-39.300, snr=80.700, pdr=0.80"
1788859970.954,RadioObservation,2->1,"condition=NORMAL, rssi=-39.397, snr=80.603, pdr=1.00"
1788859970.954,RadioObservation,2->3,"condition=DEGRADED, rssi=-39.300, snr=80.700, pdr=0.83"
1788859970.954,RadioObservation,3->1,"condition=DEGRADED, rssi=-46.374, snr=73.626, pdr=0.75"
1788859970.954,RadioObservation,3->2,"condition=NORMAL, rssi=-39.300, snr=80.700, pdr=1.00"
1788859971.978,UAVStateChanged,uav_1,"role=Scout, x=0.0, y=0.0, z=0.0"
1788859971.978,UAVStateChanged,uav_2,"role=Relay, x=0.0, y=0.0, z=0.0"
1788859971.978,UAVStateChanged,uav_3,"role=Designator, x=0.0, y=0.0, z=0.0"
1788859971.978,RadioObservation,1->2,"condition=DEGRADED, rssi=-39.442, snr=80.558, pdr=0.83"
1788859971.978,RadioObservation,1->3,"condition=DEGRADED, rssi=-46.379, snr=73.621, pdr=0.67"
1788859971.978,RadioObservation,2->1,"condition=NORMAL, rssi=-39.442, snr=80.558, pdr=1.00"
1788859971.978,RadioObservation,2->3,"condition=DEGRADED, rssi=-39.291, snr=80.709, pdr=0.83"
1788859971.978,RadioObservation,3->1,"condition=DEGRADED, rssi=-46.379, snr=73.621, pdr=0.75"
1788859971.978,RadioObservation,3->2,"condition=NORMAL, rssi=-39.291, snr=80.709, pdr=1.00"
1788859973.029,UAVStateChanged,uav_1,"role=Scout, x=0.0, y=0.0, z=0.0"
1788859973.029,UAVStateChanged,uav_2,"role=Relay, x=0.0, y=0.0, z=0.0"
1788859973.029,UAVStateChanged,uav_3,"role=Designator, x=0.0, y=0.0, z=0.0"
1788859973.029,RadioObservation,1->2,"condition=NORMAL, rssi=-39.492, snr=80.508, pdr=1.00"
1788859973.029,RadioObservation,1->3,"condition=DEGRADED, rssi=-46.400, snr=73.600, pdr=0.60"
1788859973.029,RadioObservation,2->1,"condition=NORMAL, rssi=-39.492, snr=80.508, pdr=1.00"
1788859973.029,RadioObservation,2->3,"condition=NORMAL, rssi=-39.290, snr=80.710, pdr=1.00"
1788859973.029,RadioObservation,3->1,"condition=DEGRADED, rssi=-46.400, snr=73.600, pdr=0.75"
1788859973.029,RadioObservation,3->2,"condition=NORMAL, rssi=-39.290, snr=80.710, pdr=1.00"
1788859974.168,UAVStateChanged,uav_1,"role=Scout, x=0.0, y=0.0, z=0.0"
1788859974.168,UAVStateChanged,uav_2,"role=Relay, x=0.0, y=0.0, z=0.0"
1788859974.168,UAVStateChanged,uav_3,"role=Designator, x=0.0, y=0.0, z=0.0"
1788859974.168,RadioObservation,1->2,"condition=NORMAL, rssi=-39.546, snr=80.454, pdr=1.00"
1788859974.168,RadioObservation,1->3,"condition=DEGRADED, rssi=-46.439, snr=73.561, pdr=0.50"
1788859974.168,RadioObservation,1->2,"condition=NORMAL, rssi=-39.546, snr=80.454, pdr=1.00"
1788859974.168,RadioObservation,2->3,"condition=NORMAL, rssi=-39.290, snr=80.710, pdr=1.00"
1788859974.168,RadioObservation,2->1,"condition=NORMAL, rssi=-39.546, snr=80.454, pdr=1.00"
1788859974.168,RadioObservation,2->3,"condition=NORMAL, rssi=-39.290, snr=80.710, pdr=1.00"
1788859974.168,RadioObservation,3->1,"condition=NORMAL, rssi=-46.439, snr=73.561, pdr=1.00"
1788859974.168,RadioObservation,3->2,"condition=DEGRADED, rssi=-39.290, snr=80.710, pdr=0.80"
1788859974.168,RadioObservation,3->1,"condition=NORMAL, rssi=-46.439, snr=73.561, pdr=1.00"
1788859974.168,RadioObservation,1->2,"condition=NORMAL, rssi=-39.546, snr=80.454, pdr=1.00"
1788859975.195,UAVStateChanged,uav_1,"role=Scout, x=0.0, y=0.0, z=0.0"
1788859975.195,UAVStateChanged,uav_2,"role=Relay, x=0.0, y=0.0, z=0.0"
1788859975.195,UAVStateChanged,uav_3,"role=Designator, x=0.0, y=0.0, z=0.0"
1788859975.195,RadioObservation,1->2,"condition=NORMAL, rssi=-39.598, snr=80.402, pdr=1.00"
1788859975.195,RadioObservation,1->3,"condition=DEGRADED, rssi=-46.492, snr=73.508, pdr=0.75"
1788859975.195,RadioObservation,2->1,"condition=NORMAL, rssi=-39.598, snr=80.402, pdr=1.00"
1788859975.195,RadioObservation,2->3,"condition=NORMAL, rssi=-39.309, snr=80.691, pdr=1.00"
1788859975.195,RadioObservation,3->1,"condition=NORMAL, rssi=-46.492, snr=73.508, pdr=1.00"
1788859975.195,RadioObservation,3->2,"condition=DEGRADED, rssi=-39.309, snr=80.691, pdr=0.80"
1788859976.216,UAVStateChanged,uav_1,"role=Scout, x=0.0, y=0.0, z=0.0"
1788859976.216,UAVStateChanged,uav_2,"role=Relay, x=0.0, y=0.0, z=0.0"
1788859976.216,UAVStateChanged,uav_3,"role=Designator, x=0.0, y=0.0, z=0.0"
1788859976.216,RadioObservation,1->2,"condition=NORMAL, rssi=-39.627, snr=80.373, pdr=1.00"
1788859976.216,RadioObservation,1->3,"condition=DEGRADED, rssi=-46.561, snr=73.439, pdr=0.80"
1788859976.216,RadioObservation,2->1,"condition=NORMAL, rssi=-39.627, snr=80.373, pdr=1.00"
1788859976.216,RadioObservation,2->3,"condition=NORMAL, rssi=-39.378, snr=80.622, pdr=1.00"
1788859976.216,RadioObservation,3->1,"condition=NORMAL, rssi=-46.561, snr=73.439, pdr=1.00"
1788859976.216,RadioObservation,3->2,"condition=DEGRADED, rssi=-39.378, snr=80.622, pdr=0.80"
1788859977.228,UAVStateChanged,uav_1,"role=Scout, x=0.0, y=0.0, z=0.0"
1788859977.228,UAVStateChanged,uav_2,"role=Relay, x=0.0, y=0.0, z=0.0"
1788859977.228,UAVStateChanged,uav_3,"role=Designator, x=0.0, y=0.0, z=0.0"
1788859977.228,RadioObservation,1->2,"condition=NORMAL, rssi=-39.669, snr=80.331, pdr=0.86"
1788859977.228,RadioObservation,1->3,"condition=DEGRADED, rssi=-46.621, snr=73.379, pdr=0.80"
1788859977.228,RadioObservation,3->2,"condition=DEGRADED, rssi=-39.444, snr=80.556, pdr=0.80"
1788859977.228,RadioObservation,1->3,"condition=DEGRADED, rssi=-46.621, snr=73.379, pdr=0.80"
1788859977.228,RadioObservation,2->1,"condition=NORMAL, rssi=-39.669, snr=80.331, pdr=1.00"
1788859977.228,RadioObservation,2->3,"condition=NORMAL, rssi=-39.444, snr=80.556, pdr=1.00"
1788859977.228,RadioObservation,3->1,"condition=NORMAL, rssi=-46.621, snr=73.379, pdr=1.00"
1788859977.228,RadioObservation,3->2,"condition=DEGRADED, rssi=-39.444, snr=80.556, pdr=0.80"
1788859978.263,UAVStateChanged,uav_1,"role=Scout, x=0.0, y=0.0, z=7.9"
1788859978.263,UAVStateChanged,uav_2,"role=Relay, x=0.1, y=0.0, z=12.2"
1788859978.263,UAVStateChanged,uav_3,"role=Designator, x=0.0, y=-0.0, z=15.0"
1788859978.263,RadioObservation,1->2,"condition=DEGRADED, rssi=-39.694, snr=80.306, pdr=0.83"
1788859978.263,RadioObservation,1->3,"condition=NORMAL, rssi=-46.672, snr=73.328, pdr=1.00"
1788859978.263,RadioObservation,2->1,"condition=NORMAL, rssi=-39.694, snr=80.306, pdr=1.00"
1788859978.263,RadioObservation,2->3,"condition=DEGRADED, rssi=-39.516, snr=80.484, pdr=0.80"
1788859978.263,RadioObservation,2->1,"condition=NORMAL, rssi=-39.694, snr=80.306, pdr=1.00"
1788859978.263,RadioObservation,1->3,"condition=NORMAL, rssi=-46.672, snr=73.328, pdr=1.00"
1788859978.263,RadioObservation,3->1,"condition=NORMAL, rssi=-46.672, snr=73.328, pdr=1.00"
1788859978.263,RadioObservation,3->2,"condition=NORMAL, rssi=-39.516, snr=80.484, pdr=1.00"
1788859979.304,UAVStateChanged,uav_1,"role=Scout, x=0.0, y=0.0, z=8.0"
1788859979.304,UAVStateChanged,uav_2,"role=Relay, x=0.0, y=-0.0, z=12.3"
1788859979.304,UAVStateChanged,uav_3,"role=Designator, x=0.0, y=-0.0, z=15.5"
1788859979.304,RadioObservation,1->2,"condition=DEGRADED, rssi=-39.761, snr=80.239, pdr=0.67"
1788859979.304,RadioObservation,1->3,"condition=NORMAL, rssi=-46.761, snr=73.239, pdr=1.00"
1788859979.304,RadioObservation,3->2,"condition=DEGRADED, rssi=-39.621, snr=80.379, pdr=0.83"
1788859979.304,RadioObservation,1->3,"condition=NORMAL, rssi=-46.761, snr=73.239, pdr=1.00"
1788859979.304,RadioObservation,2->1,"condition=NORMAL, rssi=-39.761, snr=80.239, pdr=1.00"
1788859979.304,RadioObservation,2->3,"condition=DEGRADED, rssi=-39.621, snr=80.379, pdr=0.75"
1788859979.304,RadioObservation,3->1,"condition=NORMAL, rssi=-46.761, snr=73.239, pdr=1.00"
1788859979.304,RadioObservation,3->2,"condition=DEGRADED, rssi=-39.621, snr=80.379, pdr=0.83"
1788859980.386,UAVStateChanged,uav_1,"role=Scout, x=0.2, y=-0.2, z=8.0"
1788859980.386,UAVStateChanged,uav_2,"role=Relay, x=-0.1, y=-0.0, z=12.5"
1788859980.386,UAVStateChanged,uav_3,"role=Designator, x=0.1, y=0.1, z=15.9"
1788859980.386,RadioObservation,1->2,"condition=DEGRADED, rssi=-40.085, snr=79.915, pdr=0.50"
1788859980.386,RadioObservation,1->3,"condition=NORMAL, rssi=-47.026, snr=72.974, pdr=1.00"
1788859980.386,RadioObservation,2->1,"condition=NORMAL, rssi=-40.085, snr=79.915, pdr=1.00"
1788859980.386,RadioObservation,2->3,"condition=DEGRADED, rssi=-39.855, snr=80.145, pdr=0.75"
1788859980.386,RadioObservation,3->1,"condition=NORMAL, rssi=-47.026, snr=72.974, pdr=1.00"
1788859980.386,RadioObservation,3->2,"condition=DEGRADED, rssi=-39.855, snr=80.145, pdr=0.83"
1788859980.386,TaskCreated,T002,DETECTION created for target_1
1788859981.889,UAVStateChanged,uav_1,"role=Scout, x=0.9, y=-1.6, z=8.0"
1788859981.889,UAVStateChanged,uav_2,"role=Relay, x=-1.6, y=0.0, z=12.7"
1788859981.889,UAVStateChanged,uav_3,"role=Designator, x=1.0, y=1.2, z=16.2"
1788859981.889,RadioObservation,1->2,"condition=DEGRADED, rssi=-40.318, snr=79.682, pdr=0.75"
1788859981.889,RadioObservation,1->3,"condition=NORMAL, rssi=-47.186, snr=72.814, pdr=1.00"
1788859981.889,RadioObservation,2->1,"condition=NORMAL, rssi=-40.318, snr=79.682, pdr=1.00"
1788859981.889,RadioObservation,2->3,"condition=DEGRADED, rssi=-39.972, snr=80.028, pdr=0.80"
1788859981.889,RadioObservation,3->1,"condition=NORMAL, rssi=-47.186, snr=72.814, pdr=1.00"
1788859981.889,RadioObservation,3->2,"condition=DEGRADED, rssi=-39.972, snr=80.028, pdr=0.67"
1788859981.889,RadioObservation,3->1,"condition=NORMAL, rssi=-47.186, snr=72.814, pdr=1.00"
1788859981.889,RadioObservation,1->2,"condition=DEGRADED, rssi=-40.318, snr=79.682, pdr=0.80"
1788859981.889,RadioObservation,1->2,"condition=DEGRADED, rssi=-41.525, snr=78.475, pdr=0.80"
1788859981.889,RadioObservation,1->3,"condition=NORMAL, rssi=-48.134, snr=71.866, pdr=1.00"
1788859981.889,RadioObservation,2->1,"condition=NORMAL, rssi=-41.525, snr=78.475, pdr=1.00"
1788859981.889,RadioObservation,2->3,"condition=NORMAL, rssi=-41.067, snr=78.933, pdr=1.00"
1788859981.889,RadioObservation,3->1,"condition=NORMAL, rssi=-48.134, snr=71.866, pdr=1.00"
1788859981.889,RadioObservation,3->2,"condition=DEGRADED, rssi=-41.067, snr=78.933, pdr=0.67"
1788859983.038,UAVStateChanged,uav_1,"role=Scout, x=1.5, y=-3.2, z=8.0"
1788859983.038,UAVStateChanged,uav_2,"role=Relay, x=-3.0, y=0.0, z=12.7"
1788859983.038,UAVStateChanged,uav_3,"role=Designator, x=1.8, y=2.5, z=16.4"
1788859983.038,RadioObservation,1->2,"condition=DEGRADED, rssi=-42.504, snr=77.496, pdr=0.83"
1788859983.038,RadioObservation,1->3,"condition=NORMAL, rssi=-48.925, snr=71.075, pdr=1.00"
1788859983.038,RadioObservation,2->1,"condition=NORMAL, rssi=-42.504, snr=77.496, pdr=1.00"
1788859983.038,RadioObservation,2->3,"condition=NORMAL, rssi=-42.181, snr=77.819, pdr=1.00"
1788859983.038,RadioObservation,3->1,"condition=NORMAL, rssi=-48.925, snr=71.075, pdr=1.00"
1788859983.038,RadioObservation,3->2,"condition=DEGRADED, rssi=-42.181, snr=77.819, pdr=0.80"
1788859984.478,UAVStateChanged,uav_1,"role=Scout, x=2.0, y=-4.1, z=8.0"
1788859984.478,UAVStateChanged,uav_2,"role=Relay, x=-3.9, y=-0.0, z=12.7"
1788859984.478,UAVStateChanged,uav_3,"role=Designator, x=2.6, y=3.7, z=16.5"
1788859984.478,RadioObservation,1->2,"condition=DEGRADED, rssi=-43.642, snr=76.358, pdr=0.83"
1788859984.478,RadioObservation,1->3,"condition=NORMAL, rssi=-49.754, snr=70.246, pdr=1.00"
1788859984.478,RadioObservation,3->2,"condition=DEGRADED, rssi=-43.345, snr=76.655, pdr=0.83"
1788859984.478,RadioObservation,1->3,"condition=NORMAL, rssi=-49.754, snr=70.246, pdr=1.00"
1788859984.478,RadioObservation,2->1,"condition=NORMAL, rssi=-43.642, snr=76.358, pdr=1.00"
1788859984.478,RadioObservation,2->3,"condition=NORMAL, rssi=-43.345, snr=76.655, pdr=1.00"
1788859984.478,RadioObservation,3->1,"condition=NORMAL, rssi=-49.754, snr=70.246, pdr=1.00"
1788859984.478,RadioObservation,3->2,"condition=DEGRADED, rssi=-43.345, snr=76.655, pdr=0.83"
1788859985.495,UAVStateChanged,uav_1,"role=Scout, x=3.3, y=-6.7, z=8.1"
1788859985.495,UAVStateChanged,uav_2,"role=Relay, x=-6.6, y=-0.1, z=12.7"
1788859985.495,UAVStateChanged,uav_3,"role=Designator, x=3.6, y=5.8, z=16.6"
1788859985.495,RadioObservation,1->2,"condition=DEGRADED, rssi=-45.271, snr=74.729, pdr=0.83"
1788859985.495,RadioObservation,1->3,"condition=NORMAL, rssi=-50.984, snr=69.016, pdr=1.00"
1788859985.495,RadioObservation,2->1,"condition=NORMAL, rssi=-45.271, snr=74.729, pdr=1.00"
1788859985.495,RadioObservation,2->3,"condition=NORMAL, rssi=-45.147, snr=74.853, pdr=1.00"
1788859985.495,RadioObservation,3->1,"condition=NORMAL, rssi=-50.984, snr=69.016, pdr=1.00"
1788859985.495,RadioObservation,3->2,"condition=DEGRADED, rssi=-45.147, snr=74.853, pdr=0.83"
1788859986.511,UAVStateChanged,uav_1,"role=Scout, x=4.5, y=-9.2, z=8.1"
1788859986.511,UAVStateChanged,uav_2,"role=Relay, x=-9.2, y=-0.1, z=12.8"
1788859986.511,UAVStateChanged,uav_3,"role=Designator, x=5.0, y=9.0, z=16.7"
1788859986.511,RadioObservation,1->2,"condition=DEGRADED, rssi=-47.187, snr=72.813, pdr=0.83"
1788859986.511,RadioObservation,1->3,"condition=NORMAL, rssi=-52.334, snr=67.666, pdr=1.00"
1788859986.511,RadioObservation,2->1,"condition=NORMAL, rssi=-47.187, snr=72.813, pdr=1.00"
1788859986.511,RadioObservation,2->3,"condition=NORMAL, rssi=-47.029, snr=72.971, pdr=1.00"
1788859986.511,RadioObservation,3->1,"condition=NORMAL, rssi=-52.334, snr=67.666, pdr=1.00"
1788859986.511,RadioObservation,3->2,"condition=NORMAL, rssi=-47.029, snr=72.971, pdr=1.00"
1788859986.511,TaskCreated,T003,TRACKING created for target_1
1788859987.524,UAVStateChanged,uav_1,"role=Scout, x=6.3, y=-13.0, z=8.1"
1788859987.524,UAVStateChanged,uav_2,"role=Relay, x=-13.1, y=-0.2, z=12.9"
1788859987.524,UAVStateChanged,uav_3,"role=Designator, x=6.4, y=12.0, z=16.8"
1788859987.524,RadioObservation,1->2,"condition=DEGRADED, rssi=-48.968, snr=71.032, pdr=0.80"
1788859987.524,RadioObservation,1->3,"condition=NORMAL, rssi=-53.678, snr=66.322, pdr=1.00"
1788859987.524,RadioObservation,2->1,"condition=NORMAL, rssi=-48.968, snr=71.032, pdr=1.00"
1788859987.524,RadioObservation,2->3,"condition=DEGRADED, rssi=-48.886, snr=71.114, pdr=0.80"
1788859987.524,RadioObservation,2->1,"condition=DEGRADED, rssi=-48.968, snr=71.032, pdr=0.83"
1788859987.524,RadioObservation,3->1,"condition=NORMAL, rssi=-53.678, snr=66.322, pdr=1.00"
1788859987.524,RadioObservation,3->2,"condition=NORMAL, rssi=-48.886, snr=71.114, pdr=1.00"
1788859988.551,UAVStateChanged,uav_1,"role=Scout, x=7.9, y=-16.5, z=8.1"
1788859988.551,UAVStateChanged,uav_2,"role=Relay, x=-16.7, y=-0.1, z=12.9"
1788859988.551,UAVStateChanged,uav_3,"role=Designator, x=8.0, y=15.4, z=17.0"
1788859988.551,RadioObservation,1->2,"condition=DEGRADED, rssi=-50.719, snr=69.281, pdr=0.80"
1788859988.551,RadioObservation,1->3,"condition=NORMAL, rssi=-54.947, snr=65.053, pdr=1.00"
1788859988.551,RadioObservation,2->1,"condition=DEGRADED, rssi=-50.719, snr=69.281, pdr=0.83"
1788859988.551,RadioObservation,2->3,"condition=DEGRADED, rssi=-50.574, snr=69.426, pdr=0.80"
1788859988.551,RadioObservation,3->1,"condition=NORMAL, rssi=-54.947, snr=65.053, pdr=1.00"
1788859988.551,RadioObservation,3->2,"condition=NORMAL, rssi=-50.574, snr=69.426, pdr=1.00"
1788859989.585,UAVStateChanged,uav_1,"role=Scout, x=10.3, y=-21.5, z=8.0"
1788859989.585,UAVStateChanged,uav_2,"role=Relay, x=-20.7, y=-0.1, z=12.9"
1788859989.585,UAVStateChanged,uav_3,"role=Designator, x=10.2, y=20.3, z=17.0"
1788859989.585,RadioObservation,1->2,"condition=NORMAL, rssi=-52.235, snr=67.765, pdr=1.00"
1788859989.585,RadioObservation,1->3,"condition=NORMAL, rssi=-56.114, snr=63.886, pdr=1.00"
1788859989.585,RadioObservation,2->1,"condition=DEGRADED, rssi=-52.235, snr=67.765, pdr=0.83"
1788859989.585,RadioObservation,2->3,"condition=DEGRADED, rssi=-52.140, snr=67.860, pdr=0.80"
1788859989.585,RadioObservation,3->1,"condition=NORMAL, rssi=-56.114, snr=63.886, pdr=1.00"
1788859989.585,RadioObservation,3->2,"condition=NORMAL, rssi=-52.140, snr=67.860, pdr=1.00"
1788859990.693,UAVStateChanged,uav_1,"role=Scout, x=12.5, y=-25.5, z=8.0"
1788859990.693,UAVStateChanged,uav_2,"role=Relay, x=-25.1, y=-0.0, z=12.9"
1788859990.693,UAVStateChanged,uav_3,"role=Designator, x=12.2, y=24.4, z=17.0"
1788859990.693,RadioObservation,1->2,"condition=NORMAL, rssi=-53.475, snr=66.525, pdr=1.00"
1788859990.693,RadioObservation,1->3,"condition=NORMAL, rssi=-57.034, snr=62.966, pdr=1.00"
1788859990.693,RadioObservation,2->1,"condition=DEGRADED, rssi=-53.475, snr=66.525, pdr=0.83"
1788859990.693,RadioObservation,2->3,"condition=DEGRADED, rssi=-53.381, snr=66.619, pdr=0.80"
1788859990.693,RadioObservation,3->1,"condition=NORMAL, rssi=-57.034, snr=62.966, pdr=1.00"
1788859990.693,RadioObservation,3->2,"condition=NORMAL, rssi=-53.381, snr=66.619, pdr=1.00"
1788859991.739,UAVStateChanged,uav_1,"role=Scout, x=14.7, y=-29.5, z=8.0"
1788859991.739,UAVStateChanged,uav_2,"role=Relay, x=-29.7, y=0.0, z=12.9"
1788859991.739,UAVStateChanged,uav_3,"role=Designator, x=14.3, y=28.5, z=17.1"
1788859991.739,RadioObservation,1->2,"condition=NORMAL, rssi=-54.739, snr=65.261, pdr=1.00"
1788859991.739,RadioObservation,1->3,"condition=DEGRADED, rssi=-57.979, snr=62.021, pdr=0.80"
1788859991.739,RadioObservation,1->2,"condition=DEGRADED, rssi=-54.739, snr=65.261, pdr=0.83"
1788859991.739,RadioObservation,2->1,"condition=DEGRADED, rssi=-54.739, snr=65.261, pdr=0.83"
1788859991.739,RadioObservation,2->3,"condition=DEGRADED, rssi=-54.651, snr=65.349, pdr=0.60"
1788859991.739,RadioObservation,2->1,"condition=NORMAL, rssi=-54.739, snr=65.261, pdr=0.86"
1788859991.739,RadioObservation,1->3,"condition=DEGRADED, rssi=-57.979, snr=62.021, pdr=0.80"
1788859991.739,RadioObservation,3->1,"condition=NORMAL, rssi=-57.979, snr=62.021, pdr=1.00"
1788859991.739,RadioObservation,3->2,"condition=NORMAL, rssi=-54.651, snr=65.349, pdr=1.00"
1788859992.779,UAVStateChanged,uav_1,"role=Scout, x=16.8, y=-33.5, z=8.0"
1788859992.779,UAVStateChanged,uav_2,"role=Relay, x=-35.3, y=0.0, z=12.9"
1788859992.779,UAVStateChanged,uav_3,"role=Designator, x=16.3, y=32.5, z=17.2"
1788859992.779,RadioObservation,1->2,"condition=DEGRADED, rssi=-55.886, snr=64.114, pdr=0.83"
1788859992.779,RadioObservation,1->3,"condition=DEGRADED, rssi=-58.876, snr=61.124, pdr=0.83"
1788859992.779,RadioObservation,2->1,"condition=NORMAL, rssi=-55.886, snr=64.114, pdr=1.00"
1788859992.779,RadioObservation,2->3,"condition=DEGRADED, rssi=-55.779, snr=64.221, pdr=0.80"
1788859992.779,RadioObservation,3->1,"condition=NORMAL, rssi=-58.876, snr=61.124, pdr=1.00"
1788859992.779,RadioObservation,3->2,"condition=NORMAL, rssi=-55.779, snr=64.221, pdr=1.00"
1788859993.847,UAVStateChanged,uav_1,"role=Scout, x=18.9, y=-37.4, z=8.0"
1788859993.847,UAVStateChanged,uav_2,"role=Relay, x=-39.4, y=0.0, z=12.9"
1788859993.847,UAVStateChanged,uav_3,"role=Designator, x=18.8, y=37.6, z=17.3"
1788859993.847,RadioObservation,1->2,"condition=DEGRADED, rssi=-56.789, snr=63.211, pdr=0.83"
1788859993.847,RadioObservation,1->3,"condition=DEGRADED, rssi=-59.669, snr=60.331, pdr=0.83"
1788859993.847,RadioObservation,2->1,"condition=NORMAL, rssi=-56.789, snr=63.211, pdr=1.00"
1788859993.847,RadioObservation,2->3,"condition=DEGRADED, rssi=-56.707, snr=63.293, pdr=0.80"
1788859993.847,RadioObservation,3->1,"condition=NORMAL, rssi=-59.669, snr=60.331, pdr=1.00"
1788859993.847,RadioObservation,3->2,"condition=NORMAL, rssi=-56.707, snr=63.293, pdr=1.00"
1788859994.917,UAVStateChanged,uav_1,"role=Scout, x=21.4, y=-42.5, z=8.0"
1788859994.917,UAVStateChanged,uav_2,"role=Relay, x=-43.0, y=0.0, z=12.9"
1788859994.917,UAVStateChanged,uav_3,"role=Designator, x=20.8, y=41.7, z=17.3"
1788859994.917,RadioObservation,1->2,"condition=DEGRADED, rssi=-57.627, snr=62.373, pdr=0.67"
1788859994.917,RadioObservation,1->3,"condition=DEGRADED, rssi=-60.445, snr=59.555, pdr=0.83"
1788859994.917,RadioObservation,3->2,"condition=NORMAL, rssi=-57.547, snr=62.453, pdr=1.00"
1788859994.917,RadioObservation,1->3,"condition=NORMAL, rssi=-60.445, snr=59.555, pdr=0.86"
1788859994.917,RadioObservation,2->1,"condition=DEGRADED, rssi=-57.627, snr=62.373, pdr=0.83"
1788859994.917,RadioObservation,2->3,"condition=DEGRADED, rssi=-57.547, snr=62.453, pdr=0.80"
1788859994.917,RadioObservation,3->1,"condition=DEGRADED, rssi=-60.445, snr=59.555, pdr=0.80"
1788859994.917,RadioObservation,2->3,"condition=DEGRADED, rssi=-57.547, snr=62.453, pdr=0.80"
1788859994.917,RadioObservation,3->1,"condition=DEGRADED, rssi=-60.445, snr=59.555, pdr=0.80"
1788859994.917,RadioObservation,3->2,"condition=NORMAL, rssi=-57.547, snr=62.453, pdr=1.00"
1788859994.917,RadioObservation,1->2,"condition=DEGRADED, rssi=-57.989, snr=62.011, pdr=0.60"
1788859994.917,RadioObservation,1->3,"condition=NORMAL, rssi=-60.793, snr=59.207, pdr=1.00"
1788859994.917,RadioObservation,2->1,"condition=DEGRADED, rssi=-57.989, snr=62.011, pdr=0.80"
1788859994.917,RadioObservation,2->3,"condition=NORMAL, rssi=-57.911, snr=62.089, pdr=1.00"
1788859994.917,RadioObservation,3->1,"condition=DEGRADED, rssi=-60.793, snr=59.207, pdr=0.83"
1788859994.917,RadioObservation,3->2,"condition=NORMAL, rssi=-57.911, snr=62.089, pdr=1.00"
1788859996.390,UAVStateChanged,uav_1,"role=Scout, x=24.5, y=-48.7, z=8.0"
1788859996.390,UAVStateChanged,uav_2,"role=Relay, x=-48.2, y=-0.0, z=12.9"
1788859996.390,UAVStateChanged,uav_3,"role=Designator, x=23.9, y=47.9, z=17.4"
1788859996.390,RadioObservation,1->2,"condition=DEGRADED, rssi=-58.643, snr=61.357, pdr=0.80"
1788859996.390,RadioObservation,1->3,"condition=NORMAL, rssi=-61.423, snr=58.577, pdr=1.00"
1788859996.390,RadioObservation,2->1,"condition=DEGRADED, rssi=-58.643, snr=61.357, pdr=0.80"
1788859996.390,RadioObservation,2->3,"condition=NORMAL, rssi=-58.549, snr=61.451, pdr=1.00"
1788859996.390,RadioObservation,3->1,"condition=DEGRADED, rssi=-61.423, snr=58.577, pdr=0.83"
1788859996.390,RadioObservation,3->2,"condition=NORMAL, rssi=-58.549, snr=61.451, pdr=1.00"
1788859997.555,UAVStateChanged,uav_1,"role=Scout, x=25.5, y=-50.7, z=8.0"
1788859997.555,UAVStateChanged,uav_2,"role=Relay, x=-49.5, y=-0.0, z=12.9"
1788859997.555,UAVStateChanged,uav_3,"role=Designator, x=25.4, y=50.8, z=17.4"
1788859997.555,RadioObservation,1->2,"condition=DEGRADED, rssi=-58.835, snr=61.165, pdr=0.80"
1788859997.555,RadioObservation,1->3,"condition=NORMAL, rssi=-61.635, snr=58.365, pdr=1.00"
1788859997.555,RadioObservation,2->1,"condition=DEGRADED, rssi=-58.835, snr=61.165, pdr=0.80"
1788859997.555,RadioObservation,2->3,"condition=NORMAL, rssi=-58.754, snr=61.246, pdr=1.00"
1788859997.555,RadioObservation,3->1,"condition=DEGRADED, rssi=-61.635, snr=58.365, pdr=0.83"
1788859997.555,RadioObservation,3->2,"condition=NORMAL, rssi=-58.754, snr=61.246, pdr=1.00"
1788859998.712,UAVStateChanged,uav_1,"role=Scout, x=27.0, y=-53.5, z=8.0"
1788859998.712,UAVStateChanged,uav_2,"role=Relay, x=-51.2, y=-0.0, z=12.9"
1788859998.712,UAVStateChanged,uav_3,"role=Designator, x=26.9, y=53.7, z=17.5"
1788859998.712,RadioObservation,1->2,"condition=DEGRADED, rssi=-59.516, snr=60.484, pdr=0.80"
1788859998.712,RadioObservation,1->3,"condition=NORMAL, rssi=-62.332, snr=57.668, pdr=1.00"
1788859998.712,RadioObservation,2->1,"condition=DEGRADED, rssi=-59.516, snr=60.484, pdr=0.80"
1788859998.712,RadioObservation,2->3,"condition=DEGRADED, rssi=-59.462, snr=60.538, pdr=0.83"
1788859998.712,RadioObservation,2->1,"condition=DEGRADED, rssi=-59.516, snr=60.484, pdr=0.83"
1788859998.712,RadioObservation,1->3,"condition=NORMAL, rssi=-62.332, snr=57.668, pdr=1.00"
1788859998.712,RadioObservation,3->1,"condition=DEGRADED, rssi=-62.332, snr=57.668, pdr=0.67"
1788859998.712,RadioObservation,3->2,"condition=NORMAL, rssi=-59.462, snr=60.538, pdr=1.00"
1788859998.712,RadioObservation,2->1,"condition=NORMAL, rssi=-59.516, snr=60.484, pdr=1.00"
1788859998.712,RadioObservation,3->2,"condition=NORMAL, rssi=-59.462, snr=60.538, pdr=1.00"
1788859998.712,TaskCreated,T004,DESIGNATION created for target_1
1788859999.752,UAVStateChanged,uav_1,"role=Scout, x=29.2, y=-57.8, z=7.9"
1788859999.752,UAVStateChanged,uav_2,"role=Relay, x=-53.2, y=0.0, z=13.0"
1788859999.752,UAVStateChanged,uav_3,"role=Designator, x=28.7, y=57.1, z=17.5"
1788859999.752,RadioObservation,1->2,"condition=NORMAL, rssi=-60.013, snr=59.987, pdr=1.00"
1788859999.752,RadioObservation,1->3,"condition=NORMAL, rssi=-62.840, snr=57.160, pdr=1.00"
1788859999.752,RadioObservation,2->1,"condition=NORMAL, rssi=-60.013, snr=59.987, pdr=1.00"
1788859999.752,RadioObservation,2->3,"condition=DEGRADED, rssi=-59.947, snr=60.053, pdr=0.80"
1788859999.752,RadioObservation,3->1,"condition=DEGRADED, rssi=-62.840, snr=57.160, pdr=0.80"
1788859999.752,RadioObservation,3->2,"condition=NORMAL, rssi=-59.947, snr=60.053, pdr=1.00"
1788860000.789,UAVStateChanged,uav_1,"role=Scout, x=31.2, y=-60.9, z=8.0"
1788860000.789,UAVStateChanged,uav_2,"role=Relay, x=-55.2, y=0.4, z=13.0"
1788860000.789,UAVStateChanged,uav_3,"role=Designator, x=30.6, y=60.6, z=17.6"
1788860000.789,RadioObservation,1->2,"condition=NORMAL, rssi=-60.535, snr=59.465, pdr=1.00"
1788860000.789,RadioObservation,1->3,"condition=NORMAL, rssi=-63.311, snr=56.689, pdr=1.00"
1788860000.789,RadioObservation,2->1,"condition=NORMAL, rssi=-60.535, snr=59.465, pdr=1.00"
1788860000.789,RadioObservation,2->3,"condition=DEGRADED, rssi=-60.402, snr=59.598, pdr=0.80"
1788860000.789,RadioObservation,3->1,"condition=DEGRADED, rssi=-63.311, snr=56.689, pdr=0.80"
1788860000.789,RadioObservation,3->2,"condition=NORMAL, rssi=-60.402, snr=59.598, pdr=1.00"
1788860001.833,UAVStateChanged,uav_1,"role=Scout, x=33.6, y=-63.9, z=8.0"
1788860001.833,UAVStateChanged,uav_2,"role=Relay, x=-56.9, y=1.3, z=13.0"
1788860001.833,UAVStateChanged,uav_3,"role=Designator, x=33.7, y=65.1, z=17.7"
1788860001.833,RadioObservation,1->2,"condition=NORMAL, rssi=-61.129, snr=58.871, pdr=1.00"
1788860001.833,RadioObservation,1->3,"condition=NORMAL, rssi=-63.803, snr=56.197, pdr=1.00"
1788860001.833,RadioObservation,2->1,"condition=NORMAL, rssi=-61.129, snr=58.871, pdr=0.86"
1788860001.833,RadioObservation,2->3,"condition=DEGRADED, rssi=-60.905, snr=59.095, pdr=0.80"
1788860001.833,RadioObservation,3->1,"condition=DEGRADED, rssi=-63.803, snr=56.197, pdr=0.80"
1788860001.833,RadioObservation,2->3,"condition=DEGRADED, rssi=-60.905, snr=59.095, pdr=0.80"
1788860001.833,RadioObservation,3->1,"condition=DEGRADED, rssi=-63.803, snr=56.197, pdr=0.80"
1788860001.833,RadioObservation,3->2,"condition=NORMAL, rssi=-60.905, snr=59.095, pdr=1.00"
1788860002.882,UAVStateChanged,uav_1,"role=Scout, x=37.5, y=-68.0, z=8.1"
1788860002.882,UAVStateChanged,uav_2,"role=Relay, x=-59.5, y=3.0, z=13.1"
1788860002.882,UAVStateChanged,uav_3,"role=Designator, x=36.6, y=68.9, z=17.7"
1788860002.882,RadioObservation,1->2,"condition=NORMAL, rssi=-61.760, snr=58.240, pdr=1.00"
1788860002.882,RadioObservation,1->3,"condition=NORMAL, rssi=-64.278, snr=55.722, pdr=1.00"
1788860002.882,RadioObservation,2->1,"condition=DEGRADED, rssi=-61.760, snr=58.240, pdr=0.83"
1788860002.882,RadioObservation,2->3,"condition=NORMAL, rssi=-61.387, snr=58.613, pdr=1.00"
1788860002.882,RadioObservation,3->1,"condition=DEGRADED, rssi=-64.278, snr=55.722, pdr=0.83"
1788860002.882,RadioObservation,3->2,"condition=NORMAL, rssi=-61.387, snr=58.613, pdr=1.00"
1788860003.954,UAVStateChanged,uav_1,"role=Scout, x=40.8, y=-71.6, z=8.0"
1788860003.954,UAVStateChanged,uav_2,"role=Relay, x=-62.1, y=4.6, z=13.1"
1788860003.954,UAVStateChanged,uav_3,"role=Designator, x=39.6, y=72.8, z=17.7"
1788860003.954,RadioObservation,1->2,"condition=NORMAL, rssi=-62.396, snr=57.604, pdr=1.00"
1788860003.954,RadioObservation,1->3,"condition=NORMAL, rssi=-64.731, snr=55.269, pdr=1.00"
1788860003.954,RadioObservation,2->1,"condition=DEGRADED, rssi=-62.396, snr=57.604, pdr=0.80"
1788860003.954,RadioObservation,2->3,"condition=NORMAL, rssi=-61.858, snr=58.142, pdr=1.00"
1788860003.954,RadioObservation,3->1,"condition=NORMAL, rssi=-64.731, snr=55.269, pdr=1.00"
1788860003.954,RadioObservation,3->2,"condition=NORMAL, rssi=-61.858, snr=58.142, pdr=1.00"
1788860005.011,UAVStateChanged,uav_1,"role=Scout, x=44.0, y=-75.3, z=8.0"
1788860005.011,UAVStateChanged,uav_2,"role=Relay, x=-65.3, y=6.3, z=13.0"
1788860005.011,UAVStateChanged,uav_3,"role=Designator, x=43.1, y=77.6, z=17.7"
1788860005.011,RadioObservation,1->2,"condition=DEGRADED, rssi=-63.031, snr=56.969, pdr=0.80"
1788860005.011,RadioObservation,1->3,"condition=NORMAL, rssi=-65.171, snr=54.829, pdr=1.00"
1788860005.011,RadioObservation,3->2,"condition=NORMAL, rssi=-62.345, snr=57.655, pdr=1.00"
1788860005.011,RadioObservation,1->3,"condition=NORMAL, rssi=-65.171, snr=54.829, pdr=1.00"
1788860005.011,RadioObservation,2->1,"condition=DEGRADED, rssi=-63.031, snr=56.969, pdr=0.80"
1788860005.011,RadioObservation,2->3,"condition=NORMAL, rssi=-62.345, snr=57.655, pdr=1.00"
1788860005.011,RadioObservation,3->1,"condition=NORMAL, rssi=-65.171, snr=54.829, pdr=1.00"
1788860005.011,RadioObservation,3->2,"condition=NORMAL, rssi=-62.345, snr=57.655, pdr=1.00"
1788860006.050,UAVStateChanged,uav_1,"role=Scout, x=47.8, y=-79.7, z=8.0"
1788860006.050,UAVStateChanged,uav_2,"role=Relay, x=-69.8, y=8.3, z=13.0"
1788860006.050,UAVStateChanged,uav_3,"role=Designator, x=45.9, y=81.4, z=17.7"
1788860006.050,RadioObservation,1->2,"condition=DEGRADED, rssi=-63.644, snr=56.356, pdr=0.80"
1788860006.050,RadioObservation,1->3,"condition=NORMAL, rssi=-65.595, snr=54.405, pdr=1.00"
1788860006.050,RadioObservation,2->1,"condition=DEGRADED, rssi=-63.644, snr=56.356, pdr=0.80"
1788860006.050,RadioObservation,2->3,"condition=NORMAL, rssi=-62.856, snr=57.144, pdr=1.00"
1788860006.050,RadioObservation,3->1,"condition=NORMAL, rssi=-65.595, snr=54.405, pdr=1.00"
1788860006.050,RadioObservation,3->2,"condition=NORMAL, rssi=-62.856, snr=57.144, pdr=1.00"
1788860007.096,UAVStateChanged,uav_1,"role=Scout, x=50.9, y=-83.2, z=8.0"
1788860007.096,UAVStateChanged,uav_2,"role=Relay, x=-73.9, y=9.9, z=13.0"
1788860007.096,UAVStateChanged,uav_3,"role=Designator, x=48.7, y=85.2, z=17.7"
1788860007.096,RadioObservation,1->2,"condition=DEGRADED, rssi=-64.243, snr=55.757, pdr=0.80"
1788860007.096,RadioObservation,1->3,"condition=NORMAL, rssi=-66.002, snr=53.998, pdr=1.00"
1788860007.096,RadioObservation,2->1,"condition=NORMAL, rssi=-64.243, snr=55.757, pdr=1.00"
1788860007.096,RadioObservation,2->3,"condition=NORMAL, rssi=-63.370, snr=56.630, pdr=1.00"
1788860007.096,RadioObservation,3->1,"condition=NORMAL, rssi=-66.002, snr=53.998, pdr=1.00"
1788860007.096,RadioObservation,3->2,"condition=NORMAL, rssi=-63.370, snr=56.630, pdr=1.00"
1788860008.139,UAVStateChanged,uav_1,"role=Scout, x=54.0, y=-86.7, z=8.0"
1788860008.139,UAVStateChanged,uav_2,"role=Relay, x=-78.3, y=11.5, z=13.0"
1788860008.139,UAVStateChanged,uav_3,"role=Designator, x=52.1, y=89.9, z=17.7"
1788860008.139,RadioObservation,1->2,"condition=DEGRADED, rssi=-64.767, snr=55.233, pdr=0.80"
1788860008.139,RadioObservation,1->3,"condition=NORMAL, rssi=-66.365, snr=53.635, pdr=1.00"
1788860008.139,RadioObservation,2->1,"condition=NORMAL, rssi=-64.767, snr=55.233, pdr=1.00"
1788860008.139,RadioObservation,2->3,"condition=NORMAL, rssi=-63.838, snr=56.162, pdr=1.00"
1788860008.139,RadioObservation,3->1,"condition=NORMAL, rssi=-66.365, snr=53.635, pdr=1.00"
1788860008.139,RadioObservation,3->2,"condition=NORMAL, rssi=-63.838, snr=56.162, pdr=1.00"
1788860009.190,UAVStateChanged,uav_1,"role=Scout, x=58.0, y=-91.1, z=8.0"
1788860009.190,UAVStateChanged,uav_2,"role=Relay, x=-82.7, y=13.0, z=13.0"
1788860009.190,UAVStateChanged,uav_3,"role=Designator, x=55.0, y=93.7, z=17.7"
1788860009.190,RadioObservation,1->2,"condition=DEGRADED, rssi=-65.288, snr=54.712, pdr=0.80"
1788860009.190,RadioObservation,1->3,"condition=NORMAL, rssi=-66.718, snr=53.282, pdr=1.00"
1788860009.190,RadioObservation,2->1,"condition=NORMAL, rssi=-65.288, snr=54.712, pdr=1.00"
1788860009.190,RadioObservation,2->3,"condition=NORMAL, rssi=-64.278, snr=55.722, pdr=1.00"
1788860009.190,RadioObservation,3->1,"condition=DEGRADED, rssi=-66.718, snr=53.282, pdr=0.80"
1788860009.190,RadioObservation,3->2,"condition=NORMAL, rssi=-64.278, snr=55.722, pdr=1.00"
1788860009.190,RadioObservation,2->1,"condition=NORMAL, rssi=-65.288, snr=54.712, pdr=1.00"
1788860009.190,RadioObservation,3->2,"condition=NORMAL, rssi=-64.278, snr=55.722, pdr=1.00"
1788860010.220,UAVStateChanged,uav_1,"role=Scout, x=61.2, y=-94.6, z=8.0"
1788860010.220,UAVStateChanged,uav_2,"role=Relay, x=-88.2, y=15.0, z=13.0"
1788860010.220,UAVStateChanged,uav_3,"role=Designator, x=57.9, y=97.4, z=17.7"
1788860010.220,RadioObservation,1->2,"condition=NORMAL, rssi=-65.804, snr=54.196, pdr=1.00"
1788860010.220,RadioObservation,1->3,"condition=NORMAL, rssi=-67.094, snr=52.906, pdr=1.00"
1788860010.220,RadioObservation,2->1,"condition=DEGRADED, rssi=-65.804, snr=54.196, pdr=0.83"
1788860010.220,RadioObservation,2->3,"condition=NORMAL, rssi=-64.749, snr=55.251, pdr=1.00"
1788860010.220,RadioObservation,3->1,"condition=DEGRADED, rssi=-67.094, snr=52.906, pdr=0.80"
1788860010.220,RadioObservation,2->3,"condition=NORMAL, rssi=-64.749, snr=55.251, pdr=1.00"
1788860010.220,RadioObservation,3->1,"condition=DEGRADED, rssi=-67.094, snr=52.906, pdr=0.83"
1788860010.220,RadioObservation,3->2,"condition=NORMAL, rssi=-64.749, snr=55.251, pdr=1.00"
1788860011.267,ScenarioStopped,audisys,runner exiting
