time,source,destination,rssi_dbm,snr_db,packet_received,pdr,latency_ms,drop_reason,condition
1788859921.325,1,2,-39.317,80.683,1,1.000,399.121,,NORMAL
1788859921.325,1,3,-46.391,73.609,1,1.000,406.043,,NORMAL
1788859921.325,2,1,-39.317,80.683,1,1.000,406.929,,NORMAL
1788859921.325,2,3,-39.317,80.683,1,1.000,395.274,,NORMAL
1788859921.326,3,1,-46.391,73.609,1,1.000,409.107,,NORMAL
1788859921.326,3,2,-39.317,80.683,1,1.000,398.254,,NORMAL
1788859922.439,1,2,-39.317,80.683,0,0.500,401.876,channel_loss,DEGRADED
1788859922.440,1,3,-46.391,73.609,1,1.000,397.078,,NORMAL
1788859922.440,3,2,-39.317,80.683,1,1.000,407.219,,NORMAL
1788859922.440,1,3,-46.391,73.609,1,1.000,409.739,,NORMAL
1788859922.440,2,1,-39.317,80.683,1,1.000,414.606,,NORMAL
1788859922.440,2,3,-39.317,80.683,1,1.000,406.185,,NORMAL
1788859922.440,3,1,-46.391,73.609,1,1.000,407.514,,NORMAL
1788859922.441,3,2,-39.317,80.683,1,1.000,406.691,,NORMAL
1788859923.464,1,2,-39.298,80.702,1,0.667,396.061,,DEGRADED
1788859923.465,1,3,-46.375,73.625,1,1.000,400.932,,NORMAL
1788859923.465,2,1,-39.298,80.702,1,1.000,399.800,,NORMAL
1788859923.465,2,3,-39.303,80.697,1,1.000,400.704,,NORMAL
1788859923.465,3,1,-46.375,73.625,1,1.000,402.441,,NORMAL
1788859923.465,3,2,-39.303,80.697,1,1.000,399.334,,NORMAL
1788859924.501,1,2,-39.303,80.697,1,0.750,413.877,,DEGRADED
1788859924.501,1,3,-46.377,73.623,1,1.000,407.327,,NORMAL
1788859924.502,2,1,-39.303,80.697,1,1.000,409.727,,NORMAL
1788859924.502,2,3,-39.303,80.697,1,1.000,402.733,,NORMAL
1788859924.502,3,1,-46.377,73.623,0,0.750,407.944,channel_loss,DEGRADED
1788859924.502,3,2,-39.303,80.697,1,1.000,408.836,,NORMAL
1788859924.502,2,1,-39.303,80.697,1,1.000,410.664,,NORMAL
1788859924.503,3,2,-39.303,80.697,1,1.000,395.786,,NORMAL
1788859925.544,1,2,-39.303,80.697,1,0.800,400.499,,DEGRADED
1788859925.544,1,3,-46.375,73.625,1,1.000,414.002,,NORMAL
1788859925.545,2,1,-39.303,80.697,1,1.000,401.438,,NORMAL
1788859925.545,2,3,-39.298,80.702,1,1.000,403.057,,NORMAL
1788859925.545,3,1,-46.375,73.625,1,0.800,404.321,,DEGRADED
1788859925.546,3,2,-39.298,80.702,1,1.000,400.077,,NORMAL
1788859926.546,1,2,-39.308,80.692,1,0.800,400.399,,DEGRADED
1788859926.547,1,3,-46.375,73.625,1,1.000,413.101,,NORMAL
1788859926.547,2,1,-39.308,80.692,1,1.000,399.530,,NORMAL
1788859926.547,2,3,-39.293,80.707,0,0.800,405.335,channel_loss,DEGRADED
1788859926.547,2,1,-39.308,80.692,1,1.000,396.086,,NORMAL
1788859926.547,1,3,-46.375,73.625,1,1.000,407.693,,NORMAL
1788859926.548,3,1,-46.375,73.625,1,0.800,403.587,,DEGRADED
1788859926.548,3,2,-39.293,80.707,1,1.000,402.776,,NORMAL
1788859927.579,1,2,-39.303,80.697,0,0.800,405.726,channel_loss,DEGRADED
1788859927.579,1,3,-46.372,73.628,0,0.833,412.360,channel_loss,DEGRADED
1788859927.580,1,3,-46.372,73.628,1,0.857,409.559,,NORMAL
1788859927.580,2,1,-39.303,80.697,1,1.000,405.883,,NORMAL
1788859927.580,2,3,-39.293,80.707,1,0.800,407.963,,DEGRADED
1788859927.580,3,1,-46.372,73.628,1,0.800,403.839,,DEGRADED
1788859927.580,3,2,-39.293,80.707,1,1.000,414.220,,NORMAL
1788859928.668,1,2,-39.317,80.683,1,0.800,400.412,,DEGRADED
1788859928.668,1,3,-46.391,73.609,1,0.857,398.717,,NORMAL
1788859928.669,2,1,-39.317,80.683,1,1.000,412.554,,NORMAL
1788859928.669,2,3,-39.317,80.683,1,0.800,407.923,,DEGRADED
1788859928.670,3,1,-46.391,73.609,1,0.800,398.201,,DEGRADED
1788859928.670,3,2,-39.317,80.683,1,1.000,405.932,,NORMAL
1788859929.689,1,2,-39.303,80.697,1,0.800,405.751,,DEGRADED
1788859929.689,1,3,-46.375,73.625,1,0.857,401.627,,NORMAL
1788859929.690,2,1,-39.303,80.697,1,1.000,413.726,,NORMAL
1788859929.690,2,3,-39.298,80.702,1,0.800,411.777,,DEGRADED
1788859929.690,3,1,-46.375,73.625,1,1.000,396.303,,NORMAL
1788859929.690,3,2,-39.298,80.702,1,1.000,414.083,,NORMAL
1788859930.690,1,2,-39.303,80.697,1,0.800,404.864,,DEGRADED
1788859930.690,1,3,-46.377,73.623,1,0.857,410.356,,NORMAL
1788859930.690,2,1,-39.303,80.697,1,1.000,397.712,,NORMAL
1788859930.691,2,3,-39.303,80.697,1,0.800,406.140,,DEGRADED
1788859930.691,3,1,-46.377,73.623,1,1.000,412.593,,NORMAL
1788859930.691,3,2,-39.303,80.697,1,1.000,399.380,,NORMAL
1788859931.722,1,2,-39.303,80.697,1,0.800,409.743,,DEGRADED
1788859931.722,1,3,-46.380,73.620,1,0.857,401.378,,NORMAL
1788859931.722,2,1,-39.303,80.697,0,0.800,408.142,channel_loss,DEGRADED
1788859931.723,2,3,-39.308,80.692,1,1.000,405.496,,NORMAL
1788859931.723,3,1,-46.380,73.620,1,1.000,399.638,,NORMAL
1788859931.723,2,3,-39.308,80.692,1,1.000,406.910,,NORMAL
1788859931.723,3,1,-46.380,73.620,1,1.000,399.548,,NORMAL
1788859931.723,3,2,-39.308,80.692,1,1.000,407.766,,NORMAL
1788859932.727,1,2,-39.303,80.697,1,1.000,413.252,,NORMAL
1788859932.727,1,3,-46.380,73.620,1,1.000,396.561,,NORMAL
1788859932.727,2,1,-39.303,80.697,1,0.800,408.524,,DEGRADED
1788859932.727,2,3,-39.308,80.692,1,1.000,397.790,,NORMAL
1788859932.727,3,1,-46.380,73.620,0,0.833,406.565,channel_loss,DEGRADED
1788859932.727,3,2,-39.308,80.692,1,1.000,410.836,,NORMAL
1788859932.728,2,1,-39.303,80.697,1,0.800,398.952,,DEGRADED
1788859932.728,3,2,-39.308,80.692,1,1.000,403.765,,NORMAL
1788859933.771,1,2,-39.308,80.692,1,1.000,404.485,,NORMAL
1788859933.771,1,3,-46.377,73.623,1,1.000,408.611,,NORMAL
1788859933.771,2,1,-39.308,80.692,0,0.667,397.112,channel_loss,DEGRADED
1788859933.771,2,3,-39.298,80.702,1,1.000,401.930,,NORMAL
1788859933.772,3,1,-46.377,73.623,1,0.833,400.117,,DEGRADED
1788859933.772,2,3,-39.298,80.702,1,1.000,404.116,,NORMAL
1788859933.772,3,1,-46.377,73.623,1,0.833,400.715,,DEGRADED
1788859933.772,3,2,-39.298,80.702,1,1.000,413.609,,NORMAL
1788859934.819,1,2,-39.303,80.697,1,1.000,412.371,,NORMAL
1788859934.819,1,3,-46.372,73.628,1,1.000,396.156,,NORMAL
1788859934.820,2,1,-39.303,80.697,0,0.400,411.865,channel_loss,DEGRADED
1788859934.820,2,3,-39.293,80.707,0,0.833,413.671,channel_loss,DEGRADED
1788859934.820,2,3,-39.293,80.707,1,0.857,398.470,,NORMAL
1788859934.821,3,1,-46.372,73.628,1,0.833,399.419,,DEGRADED
1788859934.821,3,2,-39.293,80.707,1,1.000,396.317,,NORMAL
1788859935.851,1,2,-39.303,80.697,1,1.000,414.850,,NORMAL
1788859935.851,1,3,-46.369,73.631,1,1.000,410.826,,NORMAL
1788859935.851,2,1,-39.303,80.697,1,0.600,403.604,,DEGRADED
1788859935.851,2,3,-39.288,80.712,0,0.714,415.053,channel_loss,DEGRADED
1788859935.851,2,1,-39.303,80.697,1,0.667,409.512,,DEGRADED
1788859935.852,1,3,-46.369,73.631,1,1.000,401.078,,NORMAL
1788859935.852,3,1,-46.369,73.631,0,0.600,406.728,channel_loss,DEGRADED
1788859935.852,3,2,-39.288,80.712,1,1.000,410.104,,NORMAL
1788859935.852,2,1,-39.303,80.697,1,0.714,406.828,,DEGRADED
1788859935.852,3,2,-39.288,80.712,1,1.000,412.198,,NORMAL
1788859936.904,1,2,-39.298,80.702,1,1.000,414.360,,NORMAL
1788859936.904,1,3,-46.364,73.636,1,1.000,398.861,,NORMAL
1788859936.904,2,1,-39.298,80.702,1,0.714,408.648,,DEGRADED
1788859936.904,2,3,-39.282,80.718,1,0.667,397.542,,DEGRADED
1788859936.904,3,1,-46.364,73.636,1,0.800,400.068,,DEGRADED
1788859936.904,3,2,-39.282,80.718,1,1.000,407.532,,NORMAL
1788859937.946,1,2,-39.303,80.697,1,1.000,406.817,,NORMAL
1788859937.946,1,3,-46.364,73.636,1,1.000,413.838,,NORMAL
1788859937.946,2,1,-39.303,80.697,1,0.833,409.468,,DEGRADED
1788859937.947,2,3,-39.277,80.723,1,0.667,403.060,,DEGRADED
1788859937.947,3,1,-46.364,73.636,1,0.800,401.144,,DEGRADED
1788859937.947,3,2,-39.277,80.723,1,1.000,410.181,,NORMAL
1788859938.968,1,2,-39.303,80.697,1,1.000,404.310,,NORMAL
1788859938.968,1,3,-46.364,73.636,0,0.833,415.066,channel_loss,DEGRADED
1788859938.968,1,2,-39.303,80.697,1,1.000,399.407,,NORMAL
1788859938.969,2,3,-39.277,80.723,1,0.667,413.809,,DEGRADED
1788859938.969,2,1,-39.303,80.697,1,1.000,412.729,,NORMAL
1788859938.969,2,3,-39.277,80.723,1,0.800,398.299,,DEGRADED
1788859938.969,3,1,-46.364,73.636,1,0.750,409.215,,DEGRADED
1788859938.969,3,2,-39.277,80.723,1,1.000,414.889,,NORMAL
1788859940.020,1,2,-39.303,80.697,1,1.000,395.301,,NORMAL
1788859940.020,1,3,-46.364,73.636,1,0.800,401.132,,DEGRADED
1788859940.020,2,1,-39.303,80.697,1,1.000,413.923,,NORMAL
1788859940.020,2,3,-39.277,80.723,1,1.000,397.453,,NORMAL
1788859940.020,3,1,-46.364,73.636,1,0.800,406.209,,DEGRADED
1788859940.020,3,2,-39.277,80.723,1,1.000,407.241,,NORMAL
1788859941.075,1,2,-39.298,80.702,1,1.000,399.216,,NORMAL
1788859941.075,1,3,-46.364,73.636,1,0.800,400.424,,DEGRADED
1788859941.075,2,1,-39.298,80.702,1,1.000,413.251,,NORMAL
1788859941.076,2,3,-39.283,80.717,1,1.000,396.990,,NORMAL
1788859941.076,3,1,-46.364,73.636,1,1.000,400.678,,NORMAL
1788859941.076,3,2,-39.283,80.717,1,1.000,410.566,,NORMAL
1788859942.122,1,2,-39.288,80.712,1,1.000,400.383,,NORMAL
1788859942.122,1,3,-46.359,73.641,1,0.800,406.178,,DEGRADED
1788859942.122,2,1,-39.288,80.712,1,1.000,395.337,,NORMAL
1788859942.122,2,3,-39.282,80.718,1,1.000,412.806,,NORMAL
1788859942.122,3,1,-46.359,73.641,1,1.000,406.056,,NORMAL
1788859942.123,3,2,-39.282,80.718,1,1.000,406.794,,NORMAL
1788859943.168,1,2,-39.288,80.712,1,1.000,397.693,,NORMAL
1788859943.168,1,3,-46.357,73.643,1,0.800,413.124,,DEGRADED
1788859943.169,2,1,-39.288,80.712,1,1.000,412.358,,NORMAL
1788859943.169,2,3,-39.278,80.722,1,1.000,399.346,,NORMAL
1788859943.169,3,1,-46.357,73.643,1,1.000,397.200,,NORMAL
1788859943.169,3,2,-39.278,80.722,1,1.000,412.827,,NORMAL
1788859944.171,1,2,-39.288,80.712,1,1.000,407.557,,NORMAL
1788859944.171,1,3,-46.359,73.641,1,1.000,413.742,,NORMAL
1788859944.171,2,1,-39.288,80.712,1,1.000,414.668,,NORMAL
1788859944.171,2,3,-39.283,80.717,1,1.000,412.772,,NORMAL
1788859944.171,3,1,-46.359,73.641,1,1.000,409.875,,NORMAL
1788859944.172,3,2,-39.283,80.717,1,1.000,413.760,,NORMAL
1788859945.213,1,2,-39.288,80.712,1,1.000,412.425,,NORMAL
1788859945.214,1,3,-46.362,73.638,1,1.000,400.480,,NORMAL
1788859945.214,2,1,-39.288,80.712,1,1.000,397.306,,NORMAL
1788859945.214,2,3,-39.288,80.712,1,1.000,412.316,,NORMAL
1788859945.214,3,1,-46.362,73.638,1,1.000,411.476,,NORMAL
1788859945.215,3,2,-39.288,80.712,1,1.000,401.248,,NORMAL
1788859946.259,1,2,-39.288,80.712,1,1.000,399.696,,NORMAL
1788859946.259,1,3,-46.362,73.638,1,1.000,399.007,,NORMAL
1788859946.259,2,1,-39.288,80.712,1,1.000,412.431,,NORMAL
1788859946.260,2,3,-39.288,80.712,0,0.800,400.727,channel_loss,DEGRADED
1788859946.260,2,1,-39.288,80.712,1,1.000,403.138,,NORMAL
1788859946.260,1,3,-46.362,73.638,0,0.833,405.868,channel_loss,DEGRADED
1788859946.260,3,1,-46.362,73.638,0,0.800,397.451,channel_loss,DEGRADED
1788859946.260,3,2,-39.288,80.712,0,0.800,398.715,channel_loss,DEGRADED
1788859946.260,3,2,-39.288,80.712,0,0.667,400.453,channel_loss,DEGRADED
1788859946.261,3,1,-46.362,73.638,1,0.833,403.835,,DEGRADED
1788859946.263,1,2,-39.288,80.712,1,1.000,401.418,,NORMAL
1788859947.298,1,2,-39.288,80.712,1,1.000,405.373,,NORMAL
1788859947.298,1,3,-46.364,73.636,1,0.833,406.676,,DEGRADED
1788859947.299,2,1,-39.288,80.712,1,1.000,409.320,,NORMAL
1788859947.299,2,3,-39.293,80.707,1,0.800,413.656,,DEGRADED
1788859947.299,3,1,-46.364,73.636,1,0.833,409.533,,DEGRADED
1788859947.300,3,2,-39.293,80.707,1,0.667,408.557,,DEGRADED
1788859948.340,1,2,-39.293,80.707,1,1.000,396.544,,NORMAL
1788859948.340,1,3,-46.362,73.638,1,0.833,401.748,,DEGRADED
1788859948.340,2,1,-39.293,80.707,1,1.000,412.104,,NORMAL
1788859948.340,2,3,-39.283,80.717,1,0.800,401.150,,DEGRADED
1788859948.341,3,1,-46.362,73.638,1,0.833,403.312,,DEGRADED
1788859948.341,3,2,-39.283,80.717,1,0.667,401.057,,DEGRADED
1788859949.341,1,2,-39.293,80.707,1,1.000,403.553,,NORMAL
1788859949.341,1,3,-46.362,73.638,0,0.667,408.690,channel_loss,DEGRADED
1788859949.342,1,2,-39.293,80.707,1,1.000,407.454,,NORMAL
1788859949.342,2,3,-39.283,80.717,1,0.800,406.103,,DEGRADED
1788859949.342,2,1,-39.293,80.707,1,1.000,400.882,,NORMAL
1788859949.342,2,3,-39.283,80.717,1,0.800,406.744,,DEGRADED
1788859949.343,3,1,-46.362,73.638,1,0.800,404.444,,DEGRADED
1788859949.343,3,2,-39.283,80.717,1,0.600,399.418,,DEGRADED
1788859950.372,1,2,-39.283,80.717,1,1.000,413.168,,NORMAL
1788859950.372,1,3,-46.359,73.641,1,0.600,398.538,,DEGRADED
1788859950.372,2,1,-39.283,80.717,1,1.000,405.453,,NORMAL
1788859950.372,2,3,-39.288,80.712,1,1.000,401.848,,NORMAL
1788859950.372,3,1,-46.359,73.641,1,0.833,410.167,,DEGRADED
1788859950.372,3,2,-39.288,80.712,1,0.667,399.637,,DEGRADED
1788859951.391,1,2,-39.272,80.728,1,1.000,395.633,,NORMAL
1788859951.392,1,3,-46.359,73.641,1,0.800,404.647,,DEGRADED
1788859951.392,2,1,-39.272,80.728,1,1.000,396.601,,NORMAL
1788859951.392,2,3,-39.298,80.702,1,1.000,407.739,,NORMAL
1788859951.392,3,1,-46.359,73.641,1,1.000,409.071,,NORMAL
1788859951.393,3,2,-39.298,80.702,1,1.000,400.024,,NORMAL
1788859952.436,1,2,-39.272,80.728,1,1.000,395.255,,NORMAL
1788859952.437,1,3,-46.362,73.638,1,0.800,410.545,,DEGRADED
1788859952.437,2,1,-39.272,80.728,1,1.000,403.647,,NORMAL
1788859952.437,2,3,-39.303,80.697,1,1.000,414.303,,NORMAL
1788859952.437,3,1,-46.362,73.638,1,1.000,396.148,,NORMAL
1788859952.438,3,2,-39.303,80.697,1,1.000,412.111,,NORMAL
1788859953.485,1,2,-39.288,80.712,1,1.000,411.172,,NORMAL
1788859953.486,1,3,-46.372,73.628,1,0.800,414.902,,DEGRADED
1788859953.486,2,1,-39.288,80.712,1,1.000,414.145,,NORMAL
1788859953.486,2,3,-39.308,80.692,1,1.000,407.397,,NORMAL
1788859953.486,3,1,-46.372,73.628,1,1.000,405.240,,NORMAL
1788859953.486,3,2,-39.308,80.692,1,1.000,406.101,,NORMAL
1788859954.531,1,2,-39.306,80.694,1,1.000,410.017,,NORMAL
1788859954.532,1,3,-46.377,73.623,1,1.000,400.328,,NORMAL
1788859954.532,2,1,-39.306,80.694,1,1.000,407.897,,NORMAL
1788859954.532,2,3,-39.299,80.701,1,1.000,405.570,,NORMAL
1788859954.532,3,1,-46.377,73.623,1,1.000,400.636,,NORMAL
1788859954.532,3,2,-39.299,80.701,1,1.000,400.859,,NORMAL
1788859955.557,1,2,-39.328,80.672,1,1.000,401.538,,NORMAL
1788859955.558,1,3,-46.387,73.613,1,1.000,397.912,,NORMAL
1788859955.558,2,1,-39.328,80.672,1,1.000,409.023,,NORMAL
1788859955.558,2,3,-39.297,80.703,1,1.000,396.429,,NORMAL
1788859955.559,3,1,-46.387,73.613,1,1.000,405.996,,NORMAL
1788859955.559,3,2,-39.297,80.703,1,1.000,399.281,,NORMAL
1788859956.609,1,2,-39.329,80.671,1,1.000,413.241,,NORMAL
1788859956.609,1,3,-46.385,73.615,1,1.000,409.055,,NORMAL
1788859956.609,2,1,-39.329,80.671,1,1.000,410.456,,NORMAL
1788859956.609,2,3,-39.292,80.708,1,1.000,395.262,,NORMAL
1788859956.610,3,1,-46.385,73.615,1,1.000,410.214,,NORMAL
1788859956.610,3,2,-39.292,80.708,1,1.000,414.213,,NORMAL
1788859957.646,1,2,-39.309,80.691,1,1.000,410.094,,NORMAL
1788859957.646,1,3,-46.377,73.623,1,1.000,407.209,,NORMAL
1788859957.646,2,1,-39.309,80.691,1,1.000,399.532,,NORMAL
1788859957.646,2,3,-39.297,80.703,1,1.000,395.725,,NORMAL
1788859957.646,3,1,-46.377,73.623,1,1.000,408.727,,NORMAL
1788859957.646,3,2,-39.297,80.703,1,1.000,398.445,,NORMAL
1788859958.699,1,2,-39.299,80.701,1,1.000,397.697,,NORMAL
1788859958.699,1,3,-46.376,73.624,1,1.000,395.683,,NORMAL
1788859958.699,2,1,-39.299,80.701,1,1.000,406.432,,NORMAL
1788859958.700,2,3,-39.303,80.697,1,1.000,407.999,,NORMAL
1788859958.700,3,1,-46.376,73.624,1,1.000,404.378,,NORMAL
1788859958.700,3,2,-39.303,80.697,1,1.000,402.726,,NORMAL
1788859959.747,1,2,-39.285,80.715,1,1.000,401.681,,NORMAL
1788859959.747,1,3,-46.371,73.629,1,1.000,402.727,,NORMAL
1788859959.748,2,1,-39.285,80.715,1,1.000,411.783,,NORMAL
1788859959.748,2,3,-39.309,80.691,1,1.000,396.782,,NORMAL
1788859959.748,3,1,-46.371,73.629,1,1.000,405.932,,NORMAL
1788859959.748,3,2,-39.309,80.691,0,0.800,402.143,channel_loss,DEGRADED
1788859959.749,3,1,-46.371,73.629,1,1.000,410.769,,NORMAL
1788859959.749,1,2,-39.285,80.715,1,1.000,410.229,,NORMAL
1788859960.796,1,2,-39.280,80.720,0,0.833,399.131,channel_loss,DEGRADED
1788859960.797,1,3,-46.363,73.637,1,1.000,398.192,,NORMAL
1788859960.797,3,2,-39.298,80.702,1,0.833,408.533,,DEGRADED
1788859960.797,1,3,-46.363,73.637,1,1.000,399.503,,NORMAL
1788859960.797,2,1,-39.280,80.720,1,1.000,410.482,,NORMAL
1788859960.797,2,3,-39.298,80.702,1,1.000,407.289,,NORMAL
1788859960.798,3,1,-46.363,73.637,1,1.000,397.435,,NORMAL
1788859960.798,3,2,-39.298,80.702,1,0.833,414.438,,DEGRADED
1788859961.824,1,2,-39.291,80.709,1,0.833,395.658,,DEGRADED
1788859961.824,1,3,-46.362,73.638,1,1.000,408.691,,NORMAL
1788859961.824,2,1,-39.291,80.709,0,0.800,403.077,channel_loss,DEGRADED
1788859961.825,2,3,-39.285,80.715,1,1.000,396.664,,NORMAL
1788859961.825,3,1,-46.362,73.638,1,1.000,407.689,,NORMAL
1788859961.825,2,3,-39.285,80.715,1,1.000,410.594,,NORMAL
1788859961.825,3,1,-46.362,73.638,1,1.000,407.152,,NORMAL
1788859961.825,3,2,-39.285,80.715,1,0.800,414.821,,DEGRADED
1788859962.864,1,2,-39.297,80.703,1,0.800,402.088,,DEGRADED
1788859962.864,1,3,-46.365,73.635,1,1.000,402.556,,NORMAL
1788859962.864,2,1,-39.297,80.703,1,0.750,401.969,,DEGRADED
1788859962.864,2,3,-39.285,80.715,1,1.000,411.591,,NORMAL
1788859962.864,3,1,-46.365,73.635,1,1.000,414.360,,NORMAL
1788859962.864,3,2,-39.285,80.715,1,0.800,411.718,,DEGRADED
1788859963.867,1,2,-39.302,80.698,1,0.800,403.854,,DEGRADED
1788859963.867,1,3,-46.370,73.630,1,1.000,414.454,,NORMAL
1788859963.868,2,1,-39.302,80.698,1,0.750,411.308,,DEGRADED
1788859963.868,2,3,-39.291,80.709,1,1.000,404.814,,NORMAL
1788859963.868,3,1,-46.370,73.630,1,1.000,409.765,,NORMAL
1788859963.868,3,2,-39.291,80.709,1,1.000,412.178,,NORMAL
1788859964.917,1,2,-39.303,80.697,1,0.833,396.877,,DEGRADED
1788859964.918,1,3,-46.370,73.630,1,1.000,400.021,,NORMAL
1788859964.918,2,1,-39.303,80.697,1,0.800,407.351,,DEGRADED
1788859964.918,2,3,-39.289,80.711,1,1.000,395.718,,NORMAL
1788859964.918,3,1,-46.370,73.630,1,1.000,398.781,,NORMAL
1788859964.918,3,2,-39.289,80.711,1,1.000,411.101,,NORMAL
1788859965.956,1,2,-39.304,80.696,1,1.000,412.750,,NORMAL
1788859965.957,1,3,-46.364,73.636,1,1.000,400.669,,NORMAL
1788859965.957,2,1,-39.304,80.696,1,0.800,414.105,,DEGRADED
1788859965.957,2,3,-39.279,80.721,1,1.000,409.546,,NORMAL
1788859965.957,3,1,-46.364,73.636,1,1.000,410.307,,NORMAL
1788859965.957,3,2,-39.279,80.721,1,1.000,408.062,,NORMAL
1788859967.006,1,2,-39.303,80.697,1,1.000,411.003,,NORMAL
1788859967.006,1,3,-46.364,73.636,1,1.000,399.576,,NORMAL
1788859967.007,2,1,-39.303,80.697,1,1.000,401.268,,NORMAL
1788859967.007,2,3,-39.281,80.719,1,1.000,404.609,,NORMAL
1788859967.007,3,1,-46.364,73.636,1,1.000,403.654,,NORMAL
1788859967.007,3,2,-39.281,80.719,1,1.000,401.760,,NORMAL
1788859968.037,1,2,-39.307,80.693,1,1.000,400.562,,NORMAL
1788859968.037,1,3,-46.370,73.630,1,1.000,397.557,,NORMAL
1788859968.037,2,1,-39.307,80.693,1,1.000,397.535,,NORMAL
1788859968.038,2,3,-39.298,80.702,1,1.000,410.388,,NORMAL
1788859968.038,3,1,-46.370,73.630,1,1.000,399.472,,NORMAL
1788859968.038,3,2,-39.298,80.702,1,1.000,409.636,,NORMAL
1788859969.076,1,2,-39.334,80.666,0,0.800,405.637,channel_loss,DEGRADED
1788859969.076,1,3,-46.373,73.627,1,1.000,397.155,,NORMAL
1788859969.077,3,2,-39.299,80.701,1,1.000,399.694,,NORMAL
1788859969.077,1,3,-46.373,73.627,1,1.000,395.427,,NORMAL
1788859969.077,2,1,-39.334,80.666,1,1.000,400.630,,NORMAL
1788859969.077,2,3,-39.299,80.701,0,0.800,406.211,channel_loss,DEGRADED
1788859969.077,2,1,-39.334,80.666,1,1.000,397.670,,NORMAL
1788859969.077,1,3,-46.373,73.627,1,1.000,404.962,,NORMAL
1788859969.077,3,1,-46.373,73.627,1,1.000,406.625,,NORMAL
1788859969.078,3,2,-39.299,80.701,1,1.000,403.953,,NORMAL
1788859970.085,1,2,-39.359,80.641,1,0.800,396.172,,DEGRADED
1788859970.085,1,3,-46.378,73.622,0,0.857,404.699,channel_loss,NORMAL
1788859970.085,1,2,-39.359,80.641,1,0.800,403.158,,DEGRADED
1788859970.086,2,3,-39.301,80.699,1,0.800,407.733,,DEGRADED
1788859970.086,2,1,-39.359,80.641,1,1.000,398.128,,NORMAL
1788859970.086,2,3,-39.301,80.699,1,0.800,401.221,,DEGRADED
1788859970.086,3,1,-46.378,73.622,0,0.750,397.513,channel_loss,DEGRADED
1788859970.086,3,2,-39.301,80.699,1,1.000,407.270,,NORMAL
1788859970.086,2,1,-39.359,80.641,1,1.000,399.658,,NORMAL
1788859970.087,3,2,-39.301,80.699,1,1.000,404.154,,NORMAL
1788859971.117,1,2,-39.397,80.603,1,0.800,412.347,,DEGRADED
1788859971.117,1,3,-46.374,73.626,0,0.667,401.252,channel_loss,DEGRADED
1788859971.117,1,2,-39.397,80.603,1,0.833,407.337,,DEGRADED
1788859971.117,2,3,-39.300,80.700,1,0.800,414.096,,DEGRADED
1788859971.117,2,1,-39.397,80.603,1,1.000,399.365,,NORMAL
1788859971.118,2,3,-39.300,80.700,1,0.833,398.285,,DEGRADED
1788859971.118,3,1,-46.374,73.626,1,0.750,396.645,,DEGRADED
1788859971.118,3,2,-39.300,80.700,1,1.000,404.154,,NORMAL
1788859972.135,1,2,-39.442,80.558,1,0.833,400.969,,DEGRADED
1788859972.135,1,3,-46.379,73.621,1,0.667,409.283,,DEGRADED
1788859972.136,2,1,-39.442,80.558,1,1.000,404.225,,NORMAL
1788859972.136,2,3,-39.291,80.709,1,0.833,413.622,,DEGRADED
1788859972.136,3,1,-46.379,73.621,1,0.750,407.645,,DEGRADED
1788859972.136,3,2,-39.291,80.709,1,1.000,413.817,,NORMAL
1788859973.143,1,2,-39.492,80.508,1,1.000,406.035,,NORMAL
1788859973.143,1,3,-46.400,73.600,1,0.600,413.312,,DEGRADED
1788859973.144,2,1,-39.492,80.508,1,1.000,396.572,,NORMAL
1788859973.144,2,3,-39.290,80.710,1,1.000,401.296,,NORMAL
1788859973.144,3,1,-46.400,73.600,1,0.750,406.528,,DEGRADED
1788859973.144,3,2,-39.290,80.710,1,1.000,397.631,,NORMAL
1788859974.178,1,2,-39.546,80.454,1,1.000,409.139,,NORMAL
1788859974.178,1,3,-46.439,73.561,0,0.500,405.154,channel_loss,DEGRADED
1788859974.178,1,2,-39.546,80.454,1,1.000,396.753,,NORMAL
1788859974.179,2,3,-39.290,80.710,1,1.000,403.785,,NORMAL
1788859974.179,2,1,-39.546,80.454,1,1.000,400.151,,NORMAL
1788859974.179,2,3,-39.290,80.710,1,1.000,414.382,,NORMAL
1788859974.179,3,1,-46.439,73.561,1,1.000,406.648,,NORMAL
1788859974.179,3,2,-39.290,80.710,0,0.800,415.135,channel_loss,DEGRADED
1788859974.179,3,1,-46.439,73.561,1,1.000,400.534,,NORMAL
1788859974.179,1,2,-39.546,80.454,1,1.000,410.269,,NORMAL
1788859975.185,1,2,-39.598,80.402,1,1.000,408.174,,NORMAL
1788859975.185,1,3,-46.492,73.508,1,0.750,398.774,,DEGRADED
1788859975.186,2,1,-39.598,80.402,1,1.000,407.840,,NORMAL
1788859975.186,2,3,-39.309,80.691,1,1.000,396.969,,NORMAL
1788859975.186,3,1,-46.492,73.508,1,1.000,401.810,,NORMAL
1788859975.186,3,2,-39.309,80.691,1,0.800,412.299,,DEGRADED
1788859976.234,1,2,-39.627,80.373,1,1.000,409.018,,NORMAL
1788859976.234,1,3,-46.561,73.439,1,0.800,414.048,,DEGRADED
1788859976.234,2,1,-39.627,80.373,1,1.000,406.146,,NORMAL
1788859976.235,2,3,-39.378,80.622,1,1.000,401.434,,NORMAL
1788859976.235,3,1,-46.561,73.439,1,1.000,414.548,,NORMAL
1788859976.235,3,2,-39.378,80.622,1,0.800,405.436,,DEGRADED
1788859977.245,1,2,-39.669,80.331,0,0.857,408.297,channel_loss,NORMAL
1788859977.246,1,3,-46.621,73.379,1,0.800,403.409,,DEGRADED
1788859977.246,3,2,-39.444,80.556,1,0.800,402.380,,DEGRADED
1788859977.246,1,3,-46.621,73.379,1,0.800,407.652,,DEGRADED
1788859977.246,2,1,-39.669,80.331,1,1.000,399.215,,NORMAL
1788859977.246,2,3,-39.444,80.556,1,1.000,413.698,,NORMAL
1788859977.246,3,1,-46.621,73.379,1,1.000,409.109,,NORMAL
1788859977.247,3,2,-39.444,80.556,1,0.800,414.607,,DEGRADED
1788859978.294,1,2,-39.694,80.306,1,0.833,399.930,,DEGRADED
1788859978.294,1,3,-46.672,73.328,1,1.000,406.161,,NORMAL
1788859978.294,2,1,-39.694,80.306,1,1.000,397.008,,NORMAL
1788859978.295,2,3,-39.516,80.484,0,0.800,413.403,channel_loss,DEGRADED
1788859978.295,2,1,-39.694,80.306,1,1.000,397.493,,NORMAL
1788859978.295,1,3,-46.672,73.328,1,1.000,405.112,,NORMAL
1788859978.295,3,1,-46.672,73.328,1,1.000,405.322,,NORMAL
1788859978.296,3,2,-39.516,80.484,1,1.000,411.839,,NORMAL
1788859979.294,1,2,-39.761,80.239,0,0.667,400.019,channel_loss,DEGRADED
1788859979.294,1,3,-46.761,73.239,1,1.000,402.816,,NORMAL
1788859979.295,3,2,-39.621,80.379,0,0.833,405.309,channel_loss,DEGRADED
1788859979.295,1,3,-46.761,73.239,1,1.000,412.425,,NORMAL
1788859979.295,2,1,-39.761,80.239,1,1.000,410.944,,NORMAL
1788859979.295,2,3,-39.621,80.379,1,0.750,413.829,,DEGRADED
1788859979.295,3,1,-46.761,73.239,1,1.000,411.555,,NORMAL
1788859979.295,3,2,-39.621,80.379,1,0.833,401.115,,DEGRADED
1788859980.332,1,2,-40.085,79.915,1,0.500,415.122,,DEGRADED
1788859980.332,1,3,-47.026,72.974,1,1.000,398.116,,NORMAL
1788859980.332,2,1,-40.085,79.915,1,1.000,402.047,,NORMAL
1788859980.333,2,3,-39.855,80.145,1,0.750,406.013,,DEGRADED
1788859980.333,3,1,-47.026,72.974,1,1.000,401.580,,NORMAL
1788859980.333,3,2,-39.855,80.145,1,0.833,409.094,,DEGRADED
1788859981.416,1,2,-40.318,79.682,1,0.750,399.815,,DEGRADED
1788859981.416,1,3,-47.186,72.814,1,1.000,396.017,,NORMAL
1788859981.416,2,1,-40.318,79.682,1,1.000,409.249,,NORMAL
1788859981.416,2,3,-39.972,80.028,1,0.800,402.866,,DEGRADED
1788859981.417,3,1,-47.186,72.814,1,1.000,411.559,,NORMAL
1788859981.417,3,2,-39.972,80.028,0,0.667,405.051,channel_loss,DEGRADED
1788859981.417,3,1,-47.186,72.814,1,1.000,405.190,,NORMAL
1788859981.417,1,2,-40.318,79.682,1,0.800,412.538,,DEGRADED
1788859982.444,1,2,-41.525,78.475,1,0.800,403.950,,DEGRADED
1788859982.444,1,3,-48.134,71.866,1,1.000,404.283,,NORMAL
1788859982.445,2,1,-41.525,78.475,1,1.000,403.344,,NORMAL
1788859982.445,2,3,-41.067,78.933,1,1.000,398.231,,NORMAL
1788859982.445,3,1,-48.134,71.866,1,1.000,414.528,,NORMAL
1788859982.445,3,2,-41.067,78.933,1,0.667,408.998,,DEGRADED
1788859983.483,1,2,-42.504,77.496,1,0.833,412.179,,DEGRADED
1788859983.483,1,3,-48.925,71.075,1,1.000,412.331,,NORMAL
1788859983.484,2,1,-42.504,77.496,1,1.000,401.477,,NORMAL
1788859983.484,2,3,-42.181,77.819,1,1.000,410.332,,NORMAL
1788859983.484,3,1,-48.925,71.075,1,1.000,395.862,,NORMAL
1788859983.484,3,2,-42.181,77.819,1,0.800,407.767,,DEGRADED
1788859984.493,1,2,-43.642,76.358,0,0.833,415.093,channel_loss,DEGRADED
1788859984.493,1,3,-49.754,70.246,1,1.000,403.824,,NORMAL
1788859984.493,3,2,-43.345,76.655,1,0.833,407.819,,DEGRADED
1788859984.494,1,3,-49.754,70.246,1,1.000,404.018,,NORMAL
1788859984.494,2,1,-43.642,76.358,1,1.000,413.213,,NORMAL
1788859984.494,2,3,-43.345,76.655,1,1.000,411.067,,NORMAL
1788859984.494,3,1,-49.754,70.246,1,1.000,402.641,,NORMAL
1788859984.494,3,2,-43.345,76.655,1,0.833,405.767,,DEGRADED
1788859985.507,1,2,-45.271,74.729,1,0.833,410.994,,DEGRADED
1788859985.507,1,3,-50.984,69.016,1,1.000,396.724,,NORMAL
1788859985.507,2,1,-45.271,74.729,1,1.000,407.538,,NORMAL
1788859985.507,2,3,-45.147,74.853,1,1.000,413.401,,NORMAL
1788859985.508,3,1,-50.984,69.016,1,1.000,404.367,,NORMAL
1788859985.508,3,2,-45.147,74.853,1,0.833,400.251,,DEGRADED
1788859986.557,1,2,-47.187,72.813,1,0.833,411.237,,DEGRADED
1788859986.557,1,3,-52.334,67.666,1,1.000,408.696,,NORMAL
1788859986.558,2,1,-47.187,72.813,1,1.000,403.979,,NORMAL
1788859986.558,2,3,-47.029,72.971,1,1.000,406.896,,NORMAL
1788859986.558,3,1,-52.334,67.666,1,1.000,403.630,,NORMAL
1788859986.558,3,2,-47.029,72.971,1,1.000,412.050,,NORMAL
1788859987.587,1,2,-48.968,71.032,1,0.800,402.838,,DEGRADED
1788859987.587,1,3,-53.678,66.322,1,1.000,399.888,,NORMAL
1788859987.587,2,1,-48.968,71.032,1,1.000,406.640,,NORMAL
1788859987.588,2,3,-48.886,71.114,0,0.800,401.049,channel_loss,DEGRADED
1788859987.588,2,1,-48.968,71.032,0,0.833,408.309,channel_loss,DEGRADED
1788859987.588,3,1,-53.678,66.322,1,1.000,406.463,,NORMAL
1788859987.588,3,2,-48.886,71.114,1,1.000,410.038,,NORMAL
1788859988.628,1,2,-50.719,69.281,1,0.800,407.272,,DEGRADED
1788859988.629,1,3,-54.947,65.053,1,1.000,413.227,,NORMAL
1788859988.629,2,1,-50.719,69.281,1,0.833,411.121,,DEGRADED
1788859988.629,2,3,-50.574,69.426,1,0.800,402.191,,DEGRADED
1788859988.629,3,1,-54.947,65.053,1,1.000,407.562,,NORMAL
1788859988.629,3,2,-50.574,69.426,1,1.000,409.563,,NORMAL
1788859989.668,1,2,-52.235,67.765,1,1.000,411.911,,NORMAL
1788859989.668,1,3,-56.114,63.886,1,1.000,413.212,,NORMAL
1788859989.669,2,1,-52.235,67.765,1,0.833,401.323,,DEGRADED
1788859989.669,2,3,-52.140,67.860,1,0.800,406.736,,DEGRADED
1788859989.669,3,1,-56.114,63.886,1,1.000,396.947,,NORMAL
1788859989.669,3,2,-52.140,67.860,1,1.000,410.094,,NORMAL
1788859990.673,1,2,-53.475,66.525,1,1.000,397.787,,NORMAL
1788859990.674,1,3,-57.034,62.966,1,1.000,414.574,,NORMAL
1788859990.674,2,1,-53.475,66.525,1,0.833,413.414,,DEGRADED
1788859990.674,2,3,-53.381,66.619,1,0.800,400.284,,DEGRADED
1788859990.674,3,1,-57.034,62.966,1,1.000,404.781,,NORMAL
1788859990.674,3,2,-53.381,66.619,1,1.000,410.075,,NORMAL
1788859991.686,1,2,-54.739,65.261,1,1.000,397.448,,NORMAL
1788859991.686,1,3,-57.979,62.021,0,0.800,397.959,channel_loss,DEGRADED
1788859991.686,1,2,-54.739,65.261,0,0.833,412.347,channel_loss,DEGRADED
1788859991.686,2,1,-54.739,65.261,1,0.833,414.743,,DEGRADED
1788859991.687,2,3,-54.651,65.349,0,0.600,411.236,channel_loss,DEGRADED
1788859991.687,2,1,-54.739,65.261,1,0.857,410.958,,NORMAL
1788859991.687,1,3,-57.979,62.021,1,0.800,405.876,,DEGRADED
1788859991.687,3,1,-57.979,62.021,1,1.000,408.601,,NORMAL
1788859991.687,3,2,-54.651,65.349,1,1.000,406.835,,NORMAL
1788859992.693,1,2,-55.886,64.114,1,0.833,413.950,,DEGRADED
1788859992.693,1,3,-58.876,61.124,1,0.833,399.821,,DEGRADED
1788859992.693,2,1,-55.886,64.114,1,1.000,412.829,,NORMAL
1788859992.693,2,3,-55.779,64.221,1,0.800,413.449,,DEGRADED
1788859992.693,3,1,-58.876,61.124,1,1.000,396.409,,NORMAL
1788859992.693,3,2,-55.779,64.221,1,1.000,413.332,,NORMAL
1788859993.700,1,2,-56.789,63.211,1,0.833,403.310,,DEGRADED
1788859993.700,1,3,-59.669,60.331,1,0.833,414.070,,DEGRADED
1788859993.700,2,1,-56.789,63.211,1,1.000,404.997,,NORMAL
1788859993.700,2,3,-56.707,63.293,1,0.800,412.889,,DEGRADED
1788859993.701,3,1,-59.669,60.331,1,1.000,404.217,,NORMAL
1788859993.701,3,2,-56.707,63.293,1,1.000,410.007,,NORMAL
1788859994.755,1,2,-57.627,62.373,0,0.667,403.527,channel_loss,DEGRADED
1788859994.755,1,3,-60.445,59.555,1,0.833,398.235,,DEGRADED
1788859994.755,3,2,-57.547,62.453,1,1.000,397.125,,NORMAL
1788859994.756,1,3,-60.445,59.555,1,0.857,403.307,,NORMAL
1788859994.756,2,1,-57.627,62.373,0,0.833,395.799,channel_loss,DEGRADED
1788859994.756,2,3,-57.547,62.453,1,0.800,404.012,,DEGRADED
1788859994.756,3,1,-60.445,59.555,0,0.800,412.253,channel_loss,DEGRADED
1788859994.756,2,3,-57.547,62.453,1,0.800,408.858,,DEGRADED
1788859994.756,3,1,-60.445,59.555,1,0.800,414.701,,DEGRADED
1788859994.756,3,2,-57.547,62.453,1,1.000,403.107,,NORMAL
1788859995.795,1,2,-57.989,62.011,1,0.600,397.588,,DEGRADED
1788859995.795,1,3,-60.793,59.207,1,1.000,404.239,,NORMAL
1788859995.796,2,1,-57.989,62.011,1,0.800,407.978,,DEGRADED
1788859995.796,2,3,-57.911,62.089,1,1.000,395.571,,NORMAL
1788859995.796,3,1,-60.793,59.207,1,0.833,400.016,,DEGRADED
1788859995.796,3,2,-57.911,62.089,1,1.000,406.436,,NORMAL
1788859996.817,1,2,-58.643,61.357,1,0.800,410.447,,DEGRADED
1788859996.817,1,3,-61.423,58.577,1,1.000,399.463,,NORMAL
1788859996.818,2,1,-58.643,61.357,1,0.800,401.716,,DEGRADED
1788859996.818,2,3,-58.549,61.451,1,1.000,413.155,,NORMAL
1788859996.818,3,1,-61.423,58.577,1,0.833,412.313,,DEGRADED
1788859996.818,3,2,-58.549,61.451,1,1.000,397.744,,NORMAL
1788859997.972,1,2,-58.835,61.165,1,0.800,398.634,,DEGRADED
1788859997.973,1,3,-61.635,58.365,1,1.000,395.660,,NORMAL
1788859997.973,2,1,-58.835,61.165,1,0.800,410.944,,DEGRADED
1788859997.973,2,3,-58.754,61.246,1,1.000,401.620,,NORMAL
1788859997.974,3,1,-61.635,58.365,1,0.833,396.192,,DEGRADED
1788859997.974,3,2,-58.754,61.246,1,1.000,405.666,,NORMAL
1788859998.973,1,2,-59.516,60.484,1,0.800,404.669,,DEGRADED
1788859998.974,1,3,-62.332,57.668,1,1.000,405.409,,NORMAL
1788859998.974,2,1,-59.516,60.484,1,0.800,405.221,,DEGRADED
1788859998.974,2,3,-59.462,60.538,0,0.833,396.012,channel_loss,DEGRADED
1788859998.974,2,1,-59.516,60.484,1,0.833,412.484,,DEGRADED
1788859998.974,1,3,-62.332,57.668,1,1.000,404.305,,NORMAL
1788859998.974,3,1,-62.332,57.668,0,0.667,396.361,channel_loss,DEGRADED
1788859998.975,3,2,-59.462,60.538,1,1.000,403.177,,NORMAL
1788859998.975,2,1,-59.516,60.484,1,1.000,404.950,,NORMAL
1788859998.975,3,2,-59.462,60.538,1,1.000,396.614,,NORMAL
1788860000.014,1,2,-60.013,59.987,1,1.000,407.310,,NORMAL
1788860000.015,1,3,-62.840,57.160,1,1.000,400.645,,NORMAL
1788860000.015,2,1,-60.013,59.987,1,1.000,406.112,,NORMAL
1788860000.015,2,3,-59.947,60.053,1,0.800,415.037,,DEGRADED
1788860000.015,3,1,-62.840,57.160,1,0.800,404.219,,DEGRADED
1788860000.016,3,2,-59.947,60.053,1,1.000,397.128,,NORMAL
1788860001.023,1,2,-60.535,59.465,1,1.000,412.200,,NORMAL
1788860001.023,1,3,-63.311,56.689,1,1.000,410.524,,NORMAL
1788860001.023,2,1,-60.535,59.465,1,1.000,399.445,,NORMAL
1788860001.023,2,3,-60.402,59.598,1,0.800,399.714,,DEGRADED
1788860001.024,3,1,-63.311,56.689,1,0.800,404.215,,DEGRADED
1788860001.024,3,2,-60.402,59.598,1,1.000,397.046,,NORMAL
1788860002.067,1,2,-61.129,58.871,1,1.000,408.447,,NORMAL
1788860002.068,1,3,-63.803,56.197,1,1.000,398.197,,NORMAL
1788860002.068,2,1,-61.129,58.871,0,0.857,396.487,channel_loss,NORMAL
1788860002.068,2,3,-60.905,59.095,1,0.800,397.009,,DEGRADED
1788860002.068,3,1,-63.803,56.197,1,0.800,409.920,,DEGRADED
1788860002.069,2,3,-60.905,59.095,1,0.800,406.272,,DEGRADED
1788860002.070,3,1,-63.803,56.197,1,0.800,406.376,,DEGRADED
1788860002.070,3,2,-60.905,59.095,1,1.000,397.589,,NORMAL
1788860003.117,1,2,-61.760,58.240,1,1.000,408.451,,NORMAL
1788860003.117,1,3,-64.278,55.722,1,1.000,412.506,,NORMAL
1788860003.117,2,1,-61.760,58.240,1,0.833,414.512,,DEGRADED
1788860003.118,2,3,-61.387,58.613,1,1.000,402.177,,NORMAL
1788860003.118,3,1,-64.278,55.722,1,0.833,399.399,,DEGRADED
1788860003.118,3,2,-61.387,58.613,1,1.000,399.629,,NORMAL
1788860004.150,1,2,-62.396,57.604,1,1.000,412.052,,NORMAL
1788860004.150,1,3,-64.731,55.269,1,1.000,410.397,,NORMAL
1788860004.150,2,1,-62.396,57.604,1,0.800,411.289,,DEGRADED
1788860004.150,2,3,-61.858,58.142,1,1.000,414.635,,NORMAL
1788860004.150,3,1,-64.731,55.269,1,1.000,407.416,,NORMAL
1788860004.150,3,2,-61.858,58.142,1,1.000,395.670,,NORMAL
1788860005.150,1,2,-63.031,56.969,0,0.800,411.734,channel_loss,DEGRADED
1788860005.150,1,3,-65.171,54.829,1,1.000,398.753,,NORMAL
1788860005.150,3,2,-62.345,57.655,1,1.000,401.324,,NORMAL
1788860005.150,1,3,-65.171,54.829,1,1.000,395.267,,NORMAL
1788860005.151,2,1,-63.031,56.969,1,0.800,406.471,,DEGRADED
1788860005.151,2,3,-62.345,57.655,1,1.000,397.982,,NORMAL
1788860005.151,3,1,-65.171,54.829,1,1.000,395.758,,NORMAL
1788860005.151,3,2,-62.345,57.655,1,1.000,399.447,,NORMAL
1788860006.202,1,2,-63.644,56.356,1,0.800,401.962,,DEGRADED
1788860006.202,1,3,-65.595,54.405,1,1.000,409.577,,NORMAL
1788860006.202,2,1,-63.644,56.356,1,0.800,406.496,,DEGRADED
1788860006.202,2,3,-62.856,57.144,1,1.000,396.197,,NORMAL
1788860006.203,3,1,-65.595,54.405,1,1.000,407.501,,NORMAL
1788860006.203,3,2,-62.856,57.144,1,1.000,400.587,,NORMAL
1788860007.240,1,2,-64.243,55.757,1,0.800,404.858,,DEGRADED
1788860007.240,1,3,-66.002,53.998,1,1.000,400.608,,NORMAL
1788860007.240,2,1,-64.243,55.757,1,1.000,397.421,,NORMAL
1788860007.240,2,3,-63.370,56.630,1,1.000,400.809,,NORMAL
1788860007.241,3,1,-66.002,53.998,1,1.000,404.877,,NORMAL
1788860007.241,3,2,-63.370,56.630,1,1.000,396.053,,NORMAL
1788860008.273,1,2,-64.767,55.233,1,0.800,407.131,,DEGRADED
1788860008.274,1,3,-66.365,53.635,1,1.000,401.173,,NORMAL
1788860008.274,2,1,-64.767,55.233,1,1.000,397.889,,NORMAL
1788860008.274,2,3,-63.838,56.162,1,1.000,401.707,,NORMAL
1788860008.274,3,1,-66.365,53.635,1,1.000,410.085,,NORMAL
1788860008.274,3,2,-63.838,56.162,1,1.000,402.749,,NORMAL
1788860009.283,1,2,-65.288,54.712,1,0.800,405.150,,DEGRADED
1788860009.283,1,3,-66.718,53.282,1,1.000,411.269,,NORMAL
1788860009.284,2,1,-65.288,54.712,1,1.000,412.380,,NORMAL
1788860009.284,2,3,-64.278,55.722,1,1.000,395.519,,NORMAL
1788860009.284,3,1,-66.718,53.282,0,0.800,412.387,channel_loss,DEGRADED
1788860009.284,3,2,-64.278,55.722,1,1.000,406.613,,NORMAL
1788860009.284,2,1,-65.288,54.712,1,1.000,403.499,,NORMAL
1788860009.284,3,2,-64.278,55.722,1,1.000,395.562,,NORMAL
1788860010.332,1,2,-65.804,54.196,1,1.000,411.171,,NORMAL
1788860010.332,1,3,-67.094,52.906,1,1.000,411.785,,NORMAL
1788860010.332,2,1,-65.804,54.196,0,0.833,396.907,channel_loss,DEGRADED
1788860010.333,2,3,-64.749,55.251,1,1.000,400.011,,NORMAL
1788860010.333,3,1,-67.094,52.906,1,0.800,405.624,,DEGRADED
1788860010.333,2,3,-64.749,55.251,1,1.000,401.350,,NORMAL
1788860010.333,3,1,-67.094,52.906,1,0.833,401.806,,DEGRADED
1788860010.333,3,2,-64.749,55.251,1,1.000,405.354,,NORMAL
